date,vehicle_category,maker,electric_vehicles_sold,state,total_vehicles_sold
01-Apr-21,2-Wheelers,OLA ELECTRIC,0,Sikkim,398
01-Apr-22,2-Wheelers,OKAYA EV,0,Sikkim,361
01-May-21,2-Wheelers,OLA ELECTRIC,0,Sikkim,113
01-Jun-21,2-Wheelers,OLA ELECTRIC,0,Sikkim,98
01-Jul-21,2-Wheelers,OLA ELECTRIC,0,Sikkim,229
01-Aug-21,2-Wheelers,OLA ELECTRIC,0,Sikkim,244
01-Sep-21,2-Wheelers,OLA ELECTRIC,0,Sikkim,458
01-Oct-21,2-Wheelers,OLA ELECTRIC,0,Sikkim,452
01-Nov-21,2-Wheelers,OLA ELECTRIC,0,Sikkim,489
01-Apr-21,4-Wheelers,BYD India,0,Sikkim,408
01-Apr-21,4-Wheelers,PCA Automobiles,0,Sikkim,540
01-Apr-21,4-Wheelers,BMW India,0,Sikkim,355
01-Apr-21,4-Wheelers,Volvo Auto India,0,Sikkim,455
01-Apr-21,4-Wheelers,KIA Motors,0,Sikkim,345
01-Apr-22,4-Wheelers,PCA Automobiles,0,Sikkim,478
01-Apr-22,4-Wheelers,Volvo Auto India,0,Sikkim,351
01-Apr-22,4-Wheelers,KIA Motors,0,Sikkim,454
01-May-21,4-Wheelers,BYD India,0,Sikkim,394
01-May-21,4-Wheelers,PCA Automobiles,0,Sikkim,400
01-May-21,4-Wheelers,BMW India,0,Sikkim,270
01-May-21,4-Wheelers,Mercedes -Benz AG,0,Sikkim,384
01-May-21,4-Wheelers,Volvo Auto India,0,Sikkim,371
01-May-21,4-Wheelers,KIA Motors,0,Sikkim,460
01-May-22,4-Wheelers,PCA Automobiles,0,Sikkim,390
01-May-22,4-Wheelers,Volvo Auto India,0,Sikkim,455
01-May-22,4-Wheelers,KIA Motors,0,Sikkim,380
01-Jun-21,4-Wheelers,BYD India,0,Sikkim,461
01-Jun-21,4-Wheelers,PCA Automobiles,0,Sikkim,421
01-Jun-21,4-Wheelers,BMW India,0,Sikkim,429
01-Jun-21,4-Wheelers,Volvo Auto India,0,Sikkim,446
01-Jun-21,4-Wheelers,KIA Motors,0,Sikkim,409
01-Jun-22,4-Wheelers,PCA Automobiles,0,Sikkim,439
01-Jun-22,4-Wheelers,Volvo Auto India,0,Sikkim,394
01-Jun-22,4-Wheelers,KIA Motors,0,Sikkim,421
01-Jul-21,4-Wheelers,BYD India,0,Sikkim,443
01-Jul-21,4-Wheelers,PCA Automobiles,0,Sikkim,581
01-Jul-21,4-Wheelers,BMW India,0,Sikkim,371
01-Jul-21,4-Wheelers,Volvo Auto India,0,Sikkim,340
01-Jul-21,4-Wheelers,KIA Motors,0,Sikkim,431
01-Jul-22,4-Wheelers,PCA Automobiles,0,Sikkim,411
01-Jul-22,4-Wheelers,Volvo Auto India,0,Sikkim,274
01-Jul-22,4-Wheelers,KIA Motors,0,Sikkim,288
01-Aug-21,4-Wheelers,BYD India,0,Sikkim,470
01-Aug-21,4-Wheelers,PCA Automobiles,0,Sikkim,420
01-Aug-21,4-Wheelers,BMW India,0,Sikkim,324
01-Aug-21,4-Wheelers,Volvo Auto India,0,Sikkim,364
01-Aug-21,4-Wheelers,KIA Motors,0,Sikkim,454
01-Aug-22,4-Wheelers,PCA Automobiles,0,Sikkim,505
01-Aug-22,4-Wheelers,Volvo Auto India,0,Sikkim,465
01-Aug-22,4-Wheelers,KIA Motors,0,Sikkim,439
01-Sep-21,4-Wheelers,BYD India,0,Sikkim,507
01-Sep-21,4-Wheelers,PCA Automobiles,0,Sikkim,448
01-Sep-21,4-Wheelers,BMW India,0,Sikkim,517
01-Sep-21,4-Wheelers,Volvo Auto India,0,Sikkim,457
01-Sep-21,4-Wheelers,KIA Motors,0,Sikkim,423
01-Sep-22,4-Wheelers,PCA Automobiles,0,Sikkim,371
01-Sep-22,4-Wheelers,Volvo Auto India,0,Sikkim,465
01-Sep-22,4-Wheelers,KIA Motors,0,Sikkim,460
01-Oct-21,4-Wheelers,BYD India,0,Sikkim,546
01-Oct-21,4-Wheelers,PCA Automobiles,0,Sikkim,509
01-Oct-21,4-Wheelers,BMW India,0,Sikkim,398
01-Oct-21,4-Wheelers,Volvo Auto India,0,Sikkim,389
01-Oct-21,4-Wheelers,KIA Motors,0,Sikkim,470
01-Oct-22,4-Wheelers,PCA Automobiles,0,Sikkim,403
01-Oct-22,4-Wheelers,Volvo Auto India,0,Sikkim,365
01-Nov-21,4-Wheelers,BYD India,0,Sikkim,318
01-Nov-21,4-Wheelers,PCA Automobiles,0,Sikkim,509
01-Nov-21,4-Wheelers,BMW India,0,Sikkim,422
01-Nov-21,4-Wheelers,Volvo Auto India,0,Sikkim,408
01-Nov-21,4-Wheelers,KIA Motors,0,Sikkim,375
01-Nov-22,4-Wheelers,PCA Automobiles,0,Sikkim,399
01-Dec-21,4-Wheelers,PCA Automobiles,0,Sikkim,455
01-Dec-21,4-Wheelers,BMW India,0,Andaman & Nicobar Island,515
01-Dec-21,4-Wheelers,Volvo Auto India,0,Arunachal Pradesh,1256
01-Dec-21,4-Wheelers,KIA Motors,0,Arunachal Pradesh,724
01-Dec-22,4-Wheelers,PCA Automobiles,0,Assam,6576
01-Jan-22,4-Wheelers,PCA Automobiles,0,Chhattisgarh,1563
01-Jan-22,4-Wheelers,BMW India,0,DNH and DD,278
01-Jan-22,4-Wheelers,Volvo Auto India,0,Jammu and Kashmir,5107
01-Jan-22,4-Wheelers,KIA Motors,0,Ladakh,2
01-Jan-23,4-Wheelers,PCA Automobiles,0,Ladakh,20
01-Feb-22,4-Wheelers,PCA Automobiles,0,Manipur,808
01-Feb-22,4-Wheelers,BMW India,0,Meghalaya,1189
01-Feb-22,4-Wheelers,Volvo Auto India,0,Mizoram,1507
01-Feb-22,4-Wheelers,KIA Motors,0,Mizoram,281
01-Feb-23,4-Wheelers,PCA Automobiles,0,Nagaland,561
01-Mar-22,4-Wheelers,PCA Automobiles,0,Nagaland,747
01-Mar-22,4-Wheelers,KIA Motors,0,Puducherry,655
01-Apr-21,4-Wheelers,Tata Motors,322,Tripura,2906
01-Apr-21,4-Wheelers,MG Motor,118,Tripura,289
01-Apr-21,4-Wheelers,Mahindra & Mahindra,171,Andaman & Nicobar Island,4
01-Apr-21,4-Wheelers,Hyundai Motor,12,Andaman & Nicobar Island,1
01-Apr-21,4-Wheelers,Mercedes -Benz AG,3,Arunachal Pradesh,552
01-Apr-22,4-Wheelers,Tata Motors,1409,Arunachal Pradesh,302
01-Apr-22,4-Wheelers,MG Motor,177,Assam,14723
01-Apr-22,4-Wheelers,Mahindra & Mahindra,611,Assam,3295
01-Apr-22,4-Wheelers,BYD India,15,Bihar,2249
01-Apr-22,4-Wheelers,Hyundai Motor,17,Chandigarh,411
01-Apr-22,4-Wheelers,BMW India,12,Chhattisgarh,1387
01-Apr-22,4-Wheelers,Mercedes -Benz AG,8,DNH and DD,452
01-Apr-23,4-Wheelers,Tata Motors,364,DNH and DD,202
01-Apr-23,4-Wheelers,MG Motor,265,Delhi,22
01-Apr-23,4-Wheelers,Mahindra & Mahindra,4880,Delhi,21
01-Apr-23,4-Wheelers,BYD India,156,Jammu and Kashmir,2372
01-Apr-23,4-Wheelers,Hyundai Motor,42,Ladakh,11
01-Apr-23,4-Wheelers,PCA Automobiles,181,Ladakh,70
01-Apr-23,4-Wheelers,BMW India,51,Madhya Pradesh,195
01-Apr-23,4-Wheelers,Mercedes -Benz AG,8,Manipur,288
01-Apr-23,4-Wheelers,Volvo Auto India,27,Manipur,9
01-Apr-23,4-Wheelers,KIA Motors,30,Meghalaya,332
01-May-21,4-Wheelers,Tata Motors,137,Mizoram,15
01-May-21,4-Wheelers,MG Motor,39,Mizoram,4
01-May-21,4-Wheelers,Mahindra & Mahindra,78,Nagaland,125
01-May-21,4-Wheelers,Hyundai Motor,3,Nagaland,126
01-May-22,4-Wheelers,Tata Motors,2097,Odisha,722
01-May-22,4-Wheelers,MG Motor,181,Punjab,5202
01-May-22,4-Wheelers,Mahindra & Mahindra,622,Tripura,2063
01-May-22,4-Wheelers,BYD India,30,Tripura,192
01-May-22,4-Wheelers,Hyundai Motor,19,Uttarakhand,1145
01-May-22,4-Wheelers,BMW India,6,Andaman & Nicobar Island,2
01-May-22,4-Wheelers,Mercedes -Benz AG,4,Arunachal Pradesh,727
01-May-23,4-Wheelers,Tata Motors,3212,Arunachal Pradesh,565
01-May-23,4-Wheelers,MG Motor,351,Ladakh,3
01-May-23,4-Wheelers,Mahindra & Mahindra,3457,Ladakh,112
01-May-23,4-Wheelers,BYD India,110,Manipur,89
01-May-23,4-Wheelers,Hyundai Motor,129,Manipur,18
01-May-23,4-Wheelers,PCA Automobiles,245,Meghalaya,354
01-May-23,4-Wheelers,BMW India,57,Meghalaya,246
01-May-23,4-Wheelers,Mercedes -Benz AG,9,Mizoram,648
01-May-23,4-Wheelers,Volvo Auto India,34,Mizoram,298
01-May-23,4-Wheelers,KIA Motors,36,Nagaland,42
01-Jun-21,4-Wheelers,Tata Motors,572,Nagaland,54
01-Jun-21,4-Wheelers,MG Motor,128,Puducherry,445
01-Jun-21,4-Wheelers,Mahindra & Mahindra,106,Tripura,185
01-Jun-21,4-Wheelers,Hyundai Motor,10,Andaman & Nicobar Island,467
01-Jun-21,4-Wheelers,Mercedes -Benz AG,2,Arunachal Pradesh,994
01-Jun-22,4-Wheelers,Tata Motors,2169,Arunachal Pradesh,661
01-Jun-22,4-Wheelers,MG Motor,173,Assam,4988
01-Jun-22,4-Wheelers,Mahindra & Mahindra,787,DNH and DD,276
01-Jun-22,4-Wheelers,BYD India,36,Ladakh,51
01-Jun-22,4-Wheelers,Hyundai Motor,39,Ladakh,552
01-Jun-22,4-Wheelers,BMW India,4,Manipur,474
01-Jun-22,4-Wheelers,Mercedes -Benz AG,2,Manipur,68
01-Jun-23,4-Wheelers,Tata Motors,3671,Meghalaya,726
01-Jun-23,4-Wheelers,MG Motor,877,Mizoram,1096
01-Jun-23,4-Wheelers,Mahindra & Mahindra,2574,Mizoram,219
01-Jun-23,4-Wheelers,BYD India,140,Nagaland,583
01-Jun-23,4-Wheelers,Hyundai Motor,121,Nagaland,1039
01-Jun-23,4-Wheelers,PCA Automobiles,254,Puducherry,866
01-Jun-23,4-Wheelers,BMW India,76,Tripura,2211
01-Jun-23,4-Wheelers,Mercedes -Benz AG,14,Tripura,352
01-Jun-23,4-Wheelers,Volvo Auto India,33,Andaman & Nicobar Island,406
01-Jun-23,4-Wheelers,KIA Motors,30,Arunachal Pradesh,1126
01-Jul-21,4-Wheelers,Tata Motors,696,Arunachal Pradesh,758
01-Jul-21,4-Wheelers,MG Motor,232,DNH and DD,321
01-Jul-21,4-Wheelers,Mahindra & Mahindra,171,Himachal Pradesh,3641
01-Jul-21,4-Wheelers,Hyundai Motor,18,Jammu and Kashmir,5430
01-Jul-21,4-Wheelers,Mercedes -Benz AG,1,Ladakh,30
01-Jul-22,4-Wheelers,Tata Motors,2264,Ladakh,459
01-Jul-22,4-Wheelers,MG Motor,194,Manipur,1016
01-Jul-22,4-Wheelers,Mahindra & Mahindra,866,Manipur,561
01-Jul-22,4-Wheelers,BYD India,32,Meghalaya,1041
01-Jul-22,4-Wheelers,Hyundai Motor,45,Meghalaya,826
01-Jul-22,4-Wheelers,BMW India,4,Mizoram,1057
01-Jul-22,4-Wheelers,Mercedes -Benz AG,1,Mizoram,240
01-Jul-23,4-Wheelers,Tata Motors,3823,Nagaland,577
01-Jul-23,4-Wheelers,MG Motor,935,Nagaland,763
01-Jul-23,4-Wheelers,Mahindra & Mahindra,2174,Tripura,2462
01-Jul-23,4-Wheelers,BYD India,89,Tripura,462
01-Jul-23,4-Wheelers,Hyundai Motor,88,Andaman & Nicobar Island,329
01-Jul-23,4-Wheelers,PCA Automobiles,169,Andaman & Nicobar Island,87
01-Jul-23,4-Wheelers,BMW India,81,Arunachal Pradesh,1260
01-Jul-23,4-Wheelers,Mercedes -Benz AG,23,Arunachal Pradesh,637
01-Jul-23,4-Wheelers,Volvo Auto India,26,Assam,6036
01-Jul-23,4-Wheelers,KIA Motors,22,DNH and DD,348
01-Aug-21,4-Wheelers,Tata Motors,584,Ladakh,26
01-Aug-21,4-Wheelers,MG Motor,303,Ladakh,444
01-Aug-21,4-Wheelers,Mahindra & Mahindra,204,Manipur,3492
01-Aug-21,4-Wheelers,Hyundai Motor,10,Manipur,1202
01-Aug-21,4-Wheelers,Mercedes -Benz AG,2,Meghalaya,1396
01-Aug-22,4-Wheelers,Tata Motors,1931,Meghalaya,905
01-Aug-22,4-Wheelers,MG Motor,234,Mizoram,1465
01-Aug-22,4-Wheelers,Mahindra & Mahindra,1085,Mizoram,264
01-Aug-22,4-Wheelers,BYD India,33,Nagaland,681
01-Aug-22,4-Wheelers,Hyundai Motor,53,Tripura,2736
01-Aug-22,4-Wheelers,BMW India,19,Tripura,403
01-Aug-22,4-Wheelers,Mercedes -Benz AG,3,Andaman & Nicobar Island,360
01-Aug-23,4-Wheelers,Tata Motors,3388,Arunachal Pradesh,1109
01-Aug-23,4-Wheelers,MG Motor,913,Arunachal Pradesh,570
01-Aug-23,4-Wheelers,Mahindra & Mahindra,2013,Assam,5877
01-Aug-23,4-Wheelers,BYD India,80,Ladakh,289
01-Aug-23,4-Wheelers,Hyundai Motor,141,Manipur,916
01-Aug-23,4-Wheelers,PCA Automobiles,89,Meghalaya,1414
01-Aug-23,4-Wheelers,BMW India,64,Meghalaya,722
01-Aug-23,4-Wheelers,Mercedes -Benz AG,8,Mizoram,1886
01-Aug-23,4-Wheelers,Volvo Auto India,36,Mizoram,283
01-Aug-23,4-Wheelers,KIA Motors,21,Nagaland,650
01-Sep-21,4-Wheelers,Tata Motors,772,Nagaland,567
01-Sep-21,4-Wheelers,MG Motor,263,Puducherry,609
01-Sep-21,4-Wheelers,Mahindra & Mahindra,276,Tripura,3015
01-Sep-21,4-Wheelers,Hyundai Motor,6,Tripura,366
01-Sep-21,4-Wheelers,Mercedes -Benz AG,2,Andaman & Nicobar Island,413
01-Sep-22,4-Wheelers,Tata Motors,1997,Andaman & Nicobar Island,125
01-Sep-22,4-Wheelers,MG Motor,207,Arunachal Pradesh,1262
01-Sep-22,4-Wheelers,Mahindra & Mahindra,1213,Arunachal Pradesh,646
01-Sep-22,4-Wheelers,BYD India,48,Assam,5618
01-Sep-22,4-Wheelers,Hyundai Motor,57,DNH and DD,330
01-Sep-22,4-Wheelers,BMW India,21,Himachal Pradesh,4496
01-Sep-22,4-Wheelers,Mercedes -Benz AG,3,Jammu and Kashmir,4709
01-Sep-23,4-Wheelers,Tata Motors,3126,Ladakh,28
01-Sep-23,4-Wheelers,MG Motor,676,Ladakh,287
01-Sep-23,4-Wheelers,Mahindra & Mahindra,1668,Manipur,875
01-Sep-23,4-Wheelers,BYD India,141,Meghalaya,1442
01-Sep-23,4-Wheelers,Hyundai Motor,161,Meghalaya,806
01-Sep-23,4-Wheelers,PCA Automobiles,108,Mizoram,1820
01-Sep-23,4-Wheelers,BMW India,58,Mizoram,328
01-Sep-23,4-Wheelers,Mercedes -Benz AG,41,Nagaland,592
01-Sep-23,4-Wheelers,Volvo Auto India,42,Nagaland,692
01-Sep-23,4-Wheelers,KIA Motors,26,Tripura,3843
01-Oct-21,4-Wheelers,Tata Motors,803,Tripura,326
01-Oct-21,4-Wheelers,MG Motor,194,Andaman & Nicobar Island,376
01-Oct-21,4-Wheelers,Mahindra & Mahindra,369,Arunachal Pradesh,1036
01-Oct-21,4-Wheelers,Hyundai Motor,8,Arunachal Pradesh,709
01-Oct-21,4-Wheelers,Mercedes -Benz AG,3,Jammu and Kashmir,5306
01-Oct-22,4-Wheelers,Tata Motors,2395,Ladakh,15
01-Oct-22,4-Wheelers,MG Motor,338,Ladakh,167
01-Oct-22,4-Wheelers,Mahindra & Mahindra,1051,Manipur,849
01-Oct-22,4-Wheelers,BYD India,27,Meghalaya,1101
01-Oct-22,4-Wheelers,Hyundai Motor,64,Meghalaya,888
01-Oct-22,4-Wheelers,BMW India,4,Mizoram,1740
01-Oct-22,4-Wheelers,Mercedes -Benz AG,4,Mizoram,376
01-Oct-22,4-Wheelers,KIA Motors,29,Nagaland,353
01-Oct-23,4-Wheelers,Tata Motors,3911,Nagaland,540
01-Oct-23,4-Wheelers,MG Motor,714,Tripura,352
01-Oct-23,4-Wheelers,Mahindra & Mahindra,2027,Andaman & Nicobar Island,336
01-Oct-23,4-Wheelers,BYD India,109,Andaman & Nicobar Island,90
01-Oct-23,4-Wheelers,Hyundai Motor,148,Arunachal Pradesh,950
01-Oct-23,4-Wheelers,PCA Automobiles,132,Arunachal Pradesh,766
01-Oct-23,4-Wheelers,BMW India,71,Assam,5550
01-Oct-23,4-Wheelers,Mercedes -Benz AG,18,DNH and DD,358
01-Oct-23,4-Wheelers,Volvo Auto India,41,Jammu and Kashmir,3963
01-Oct-23,4-Wheelers,KIA Motors,39,Ladakh,150
01-Nov-21,4-Wheelers,Tata Motors,1036,Manipur,687
01-Nov-21,4-Wheelers,MG Motor,118,Meghalaya,1112
01-Nov-21,4-Wheelers,Mahindra & Mahindra,462,Meghalaya,1063
01-Nov-21,4-Wheelers,Hyundai Motor,7,Mizoram,1387
01-Nov-21,4-Wheelers,Mercedes -Benz AG,2,Mizoram,311
01-Nov-22,4-Wheelers,Tata Motors,2264,Nagaland,410
01-Nov-22,4-Wheelers,MG Motor,464,Nagaland,722
01-Nov-22,4-Wheelers,Mahindra & Mahindra,1067,Puducherry,758
01-Nov-22,4-Wheelers,BYD India,39,Tripura,394
01-Nov-22,4-Wheelers,Hyundai Motor,59,Andaman & Nicobar Island,388
01-Nov-22,4-Wheelers,BMW India,14,Andaman & Nicobar Island,112
01-Nov-22,4-Wheelers,Mercedes -Benz AG,4,Arunachal Pradesh,858
01-Nov-22,4-Wheelers,Volvo Auto India,5,Arunachal Pradesh,671
01-Nov-22,4-Wheelers,KIA Motors,61,Ladakh,15
01-Nov-23,4-Wheelers,Tata Motors,4432,Ladakh,44
01-Nov-23,4-Wheelers,MG Motor,723,Manipur,834
01-Nov-23,4-Wheelers,Mahindra & Mahindra,1222,Meghalaya,1145
01-Nov-23,4-Wheelers,BYD India,106,Mizoram,1599
01-Nov-23,4-Wheelers,Hyundai Motor,125,Mizoram,354
01-Nov-23,4-Wheelers,PCA Automobiles,98,Nagaland,504
01-Nov-23,4-Wheelers,BMW India,215,Nagaland,773
01-Nov-23,4-Wheelers,Mercedes -Benz AG,35,Puducherry,622
01-Nov-23,4-Wheelers,Volvo Auto India,57,Tripura,340
01-Nov-23,4-Wheelers,KIA Motors,29,Andaman & Nicobar Island,383
01-Dec-21,4-Wheelers,Tata Motors,1952,Arunachal Pradesh,1111
01-Dec-21,4-Wheelers,MG Motor,99,Arunachal Pradesh,679
01-Dec-21,4-Wheelers,Mahindra & Mahindra,552,Ladakh,49
01-Dec-21,4-Wheelers,BYD India,1,Ladakh,49
01-Dec-21,4-Wheelers,Hyundai Motor,10,Manipur,717
01-Dec-21,4-Wheelers,Mercedes -Benz AG,1,Meghalaya,1687
01-Dec-22,4-Wheelers,Tata Motors,1992,Meghalaya,1104
01-Dec-22,4-Wheelers,MG Motor,363,Mizoram,1848
01-Dec-22,4-Wheelers,Mahindra & Mahindra,1260,Mizoram,413
01-Dec-22,4-Wheelers,BYD India,37,Nagaland,541
01-Dec-22,4-Wheelers,Hyundai Motor,68,Nagaland,632
01-Dec-22,4-Wheelers,BMW India,27,Tripura,484
01-Dec-22,4-Wheelers,Mercedes -Benz AG,6,Andaman & Nicobar Island,407
01-Dec-22,4-Wheelers,Volvo Auto India,16,Arunachal Pradesh,1063
01-Dec-22,4-Wheelers,KIA Motors,65,Arunachal Pradesh,824
01-Dec-23,4-Wheelers,Tata Motors,4893,Ladakh,351
01-Dec-23,4-Wheelers,MG Motor,753,Ladakh,105
01-Dec-23,4-Wheelers,Mahindra & Mahindra,1015,Mizoram,1530
01-Dec-23,4-Wheelers,BYD India,135,Mizoram,323
01-Dec-23,4-Wheelers,Hyundai Motor,97,Nagaland,723
01-Dec-23,4-Wheelers,PCA Automobiles,40,Tripura,448
01-Dec-23,4-Wheelers,BMW India,137,Andaman & Nicobar Island,358
01-Dec-23,4-Wheelers,Mercedes -Benz AG,51,Andaman & Nicobar Island,110
01-Dec-23,4-Wheelers,Volvo Auto India,47,Arunachal Pradesh,1241
01-Dec-23,4-Wheelers,KIA Motors,23,Arunachal Pradesh,965
01-Jan-22,4-Wheelers,Tata Motors,1012,Ladakh,419
01-Jan-22,4-Wheelers,MG Motor,48,Ladakh,322
01-Jan-22,4-Wheelers,Mahindra & Mahindra,474,Manipur,644
01-Jan-22,4-Wheelers,BYD India,8,Meghalaya,1780
01-Jan-22,4-Wheelers,Hyundai Motor,6,Mizoram,397
01-Jan-22,4-Wheelers,Mercedes -Benz AG,2,Nagaland,630
01-Jan-23,4-Wheelers,Tata Motors,1812,Tripura,359
01-Jan-23,4-Wheelers,MG Motor,313,Andaman & Nicobar Island,423
01-Jan-23,4-Wheelers,Mahindra & Mahindra,967,Andaman & Nicobar Island,115
01-Jan-23,4-Wheelers,BYD India,101,Arunachal Pradesh,1253
01-Jan-23,4-Wheelers,Hyundai Motor,84,Arunachal Pradesh,1021
01-Jan-23,4-Wheelers,BMW India,91,Ladakh,310
01-Jan-23,4-Wheelers,Mercedes -Benz AG,14,Manipur,1029
01-Jan-23,4-Wheelers,Volvo Auto India,21,Mizoram,373
01-Jan-23,4-Wheelers,KIA Motors,35,Nagaland,594
01-Jan-24,4-Wheelers,Tata Motors,5674,Nagaland,735
01-Jan-24,4-Wheelers,MG Motor,908,Tripura,354
01-Jan-24,4-Wheelers,Mahindra & Mahindra,896,Andaman & Nicobar Island,385
01-Jan-24,4-Wheelers,BYD India,123,Andaman & Nicobar Island,127
01-Jan-24,4-Wheelers,Hyundai Motor,128,Arunachal Pradesh,1181
01-Jan-24,4-Wheelers,PCA Automobiles,23,DNH and DD,344
01-Jan-24,4-Wheelers,BMW India,116,Ladakh,314
01-Jan-24,4-Wheelers,Mercedes -Benz AG,29,Manipur,775
01-Jan-24,4-Wheelers,Volvo Auto India,42,Mizoram,319
01-Jan-24,4-Wheelers,KIA Motors,29,Nagaland,505
01-Feb-22,4-Wheelers,Tata Motors,1922,Nagaland,591
01-Feb-22,4-Wheelers,MG Motor,30,Tripura,402
01-Feb-22,4-Wheelers,Mahindra & Mahindra,478,Andaman & Nicobar Island,398
01-Feb-22,4-Wheelers,BYD India,10,Andaman & Nicobar Island,154
01-Feb-22,4-Wheelers,Hyundai Motor,6,Arunachal Pradesh,1244
01-Feb-22,4-Wheelers,Mercedes -Benz AG,3,Arunachal Pradesh,866
01-Feb-23,4-Wheelers,Tata Motors,2651,Ladakh,222
01-Feb-23,4-Wheelers,MG Motor,261,Manipur,623
01-Feb-23,4-Wheelers,Mahindra & Mahindra,1531,Meghalaya,1120
01-Feb-23,4-Wheelers,BYD India,174,Mizoram,408
01-Feb-23,4-Wheelers,Hyundai Motor,36,Nagaland,554
01-Feb-23,4-Wheelers,BMW India,43,Nagaland,844
01-Feb-23,4-Wheelers,Mercedes -Benz AG,12,Tripura,403
01-Feb-23,4-Wheelers,Volvo Auto India,26,Andaman & Nicobar Island,484
01-Feb-23,4-Wheelers,KIA Motors,22,Andaman & Nicobar Island,128
01-Feb-24,4-Wheelers,Tata Motors,5081,Arunachal Pradesh,1068
01-Feb-24,4-Wheelers,MG Motor,829,Arunachal Pradesh,931
01-Feb-24,4-Wheelers,Mahindra & Mahindra,712,Ladakh,30
01-Feb-24,4-Wheelers,BYD India,135,Ladakh,189
01-Feb-24,4-Wheelers,Hyundai Motor,94,Manipur,820
01-Feb-24,4-Wheelers,PCA Automobiles,64,Mizoram,379
01-Feb-24,4-Wheelers,BMW India,97,Nagaland,589
01-Feb-24,4-Wheelers,Mercedes -Benz AG,24,Nagaland,780
01-Feb-24,4-Wheelers,Volvo Auto India,35,Tripura,465
01-Feb-24,4-Wheelers,KIA Motors,17,Andaman & Nicobar Island,409
01-Mar-22,4-Wheelers,Tata Motors,2900,Andaman & Nicobar Island,144
01-Mar-22,4-Wheelers,MG Motor,75,Arunachal Pradesh,850
01-Mar-22,4-Wheelers,Mahindra & Mahindra,701,Arunachal Pradesh,741
01-Mar-22,4-Wheelers,BYD India,14,Ladakh,27
01-Mar-22,4-Wheelers,Hyundai Motor,14,Ladakh,264
01-Mar-22,4-Wheelers,BMW India,7,Manipur,596
01-Mar-22,4-Wheelers,Mercedes -Benz AG,5,Mizoram,362
01-Mar-22,4-Wheelers,Volvo Auto India,4,Nagaland,374
01-Mar-23,4-Wheelers,Tata Motors,5065,Nagaland,690
01-Mar-23,4-Wheelers,MG Motor,372,Tripura,416
01-Mar-23,4-Wheelers,Mahindra & Mahindra,2745,Arunachal Pradesh,1251
01-Mar-23,4-Wheelers,BYD India,348,Arunachal Pradesh,971
01-Mar-23,4-Wheelers,Hyundai Motor,35,Jammu and Kashmir,4102
01-Mar-23,4-Wheelers,PCA Automobiles,151,Ladakh,23
01-Mar-23,4-Wheelers,BMW India,40,Ladakh,244
01-Mar-23,4-Wheelers,Mercedes -Benz AG,10,Manipur,1569
01-Mar-23,4-Wheelers,Volvo Auto India,37,Meghalaya,1158
01-Mar-23,4-Wheelers,KIA Motors,17,Mizoram,378
01-Mar-24,4-Wheelers,Tata Motors,6606,Nagaland,447
01-Mar-24,4-Wheelers,MG Motor,885,Nagaland,724
01-Mar-24,4-Wheelers,Mahindra & Mahindra,708,Punjab,8875
01-Mar-24,4-Wheelers,BYD India,142,Tripura,410
01-Mar-24,4-Wheelers,Hyundai Motor,116,Arunachal Pradesh,865
01-Mar-24,4-Wheelers,PCA Automobiles,130,Ladakh,16
01-Mar-24,4-Wheelers,BMW India,55,Ladakh,144
01-Mar-24,4-Wheelers,Mercedes -Benz AG,31,Manipur,1478
01-Mar-24,4-Wheelers,Volvo Auto India,39,Meghalaya,1150
01-Mar-24,4-Wheelers,KIA Motors,26,Mizoram,445
01-Apr-21,2-Wheelers,HERO ELECTRIC,759,Nagaland,369
01-Apr-21,2-Wheelers,OKINAWA,1251,Nagaland,490
01-Apr-21,2-Wheelers,AMPERE,751,Tripura,385
01-Apr-21,2-Wheelers,ATHER,903,Andaman & Nicobar Island,373
01-Apr-21,2-Wheelers,PURE EV,581,Andaman & Nicobar Island,153
01-Apr-21,2-Wheelers,TVS,302,Arunachal Pradesh,718
01-Apr-21,2-Wheelers,REVOLT,138,Arunachal Pradesh,966
01-Apr-21,2-Wheelers,BAJAJ,48,Ladakh,92
01-Apr-21,2-Wheelers,BEING,171,Mizoram,476
01-Apr-21,2-Wheelers,JITENDRA,36,Nagaland,432
01-Apr-21,2-Wheelers,OTHERS,749,Nagaland,545
01-Apr-22,2-Wheelers,OLA ELECTRIC,13601,Punjab,11608
01-Apr-22,2-Wheelers,OKINAWA,11341,Tripura,399
01-Apr-22,2-Wheelers,HERO ELECTRIC,6803,Andaman & Nicobar Island,346
01-Apr-22,2-Wheelers,AMPERE,6864,Andaman & Nicobar Island,148
01-Apr-22,2-Wheelers,TVS,1498,Arunachal Pradesh,816
01-Apr-22,2-Wheelers,ATHER,2451,Arunachal Pradesh,840
01-Apr-22,2-Wheelers,BAJAJ,1223,Ladakh,5
01-Apr-22,2-Wheelers,REVOLT,1241,Ladakh,49
01-Apr-22,2-Wheelers,PURE EV,1756,Meghalaya,1002
01-Apr-22,2-Wheelers,BEING,874,Mizoram,337
01-Apr-22,2-Wheelers,JITENDRA,940,Nagaland,375
01-Apr-22,2-Wheelers,OTHERS,4683,Nagaland,806
01-Apr-23,2-Wheelers,OLA ELECTRIC,22548,Tripura,328
01-Apr-23,2-Wheelers,TVS,8654,Arunachal Pradesh,1131
01-Apr-23,2-Wheelers,ATHER,7707,Arunachal Pradesh,1048
01-Apr-23,2-Wheelers,BAJAJ,4043,Ladakh,30
01-Apr-23,2-Wheelers,AMPERE,8767,Ladakh,59
01-Apr-23,2-Wheelers,OKINAWA,3179,Manipur,320
01-Apr-23,2-Wheelers,HERO ELECTRIC,3293,Meghalaya,1369
01-Apr-23,2-Wheelers,OKAYA EV,1544,Mizoram,433
01-Apr-23,2-Wheelers,BGAUSS,762,Nagaland,693
01-Apr-23,2-Wheelers,BATTRE ELECTRIC,644,Nagaland,820
01-Apr-23,2-Wheelers,KINETIC GREEN,838,Andaman & Nicobar Island,325
01-Apr-23,2-Wheelers,REVOLT,520,Arunachal Pradesh,971
01-Apr-23,2-Wheelers,OTHERS,4315,Ladakh,43
01-May-21,2-Wheelers,HERO ELECTRIC,170,Ladakh,219
01-May-21,2-Wheelers,OKINAWA,245,Manipur,942
01-May-21,2-Wheelers,AMPERE,147,Mizoram,336
01-May-21,2-Wheelers,ATHER,160,Nagaland,560
01-May-21,2-Wheelers,PURE EV,122,Andaman & Nicobar Island,436
01-May-21,2-Wheelers,TVS,9,Andaman & Nicobar Island,150
01-May-21,2-Wheelers,REVOLT,42,Arunachal Pradesh,1132
01-May-21,2-Wheelers,BAJAJ,20,Ladakh,364
01-May-21,2-Wheelers,BEING,54,Mizoram,382
01-May-21,2-Wheelers,JITENDRA,13,Nagaland,610
01-May-21,2-Wheelers,OTHERS,260,Nagaland,796
01-May-22,2-Wheelers,OLA ELECTRIC,9266,Andaman & Nicobar Island,373
01-May-22,2-Wheelers,OKINAWA,10340,Arunachal Pradesh,1141
01-May-22,2-Wheelers,HERO ELECTRIC,2970,Arunachal Pradesh,1089
01-May-22,2-Wheelers,AMPERE,6176,Ladakh,304
01-May-22,2-Wheelers,TVS,478,Manipur,220
01-May-22,2-Wheelers,ATHER,3337,Mizoram,383
01-May-22,2-Wheelers,BAJAJ,1812,Nagaland,650
01-May-22,2-Wheelers,OKAYA EV,19,Nagaland,620
01-May-22,2-Wheelers,REVOLT,1589,Andaman & Nicobar Island,424
01-May-22,2-Wheelers,PURE EV,1464,Arunachal Pradesh,1315
01-May-22,2-Wheelers,BEING,862,Ladakh,301
01-May-22,2-Wheelers,JITENDRA,646,Mizoram,439
01-May-22,2-Wheelers,OTHERS,3455,Andaman & Nicobar Island,477
01-May-23,2-Wheelers,OLA ELECTRIC,29447,Arunachal Pradesh,1292
01-May-23,2-Wheelers,TVS,20188,Ladakh,63
01-May-23,2-Wheelers,ATHER,15243,Ladakh,278
01-May-23,2-Wheelers,BAJAJ,9976,Mizoram,410
01-May-23,2-Wheelers,AMPERE,10659,Nagaland,592
01-May-23,2-Wheelers,OKINAWA,2873,Nagaland,760
01-May-23,2-Wheelers,HERO ELECTRIC,2085,Andaman & Nicobar Island,379
01-May-23,2-Wheelers,OKAYA EV,3831,Arunachal Pradesh,1274
01-May-23,2-Wheelers,BGAUSS,1792,Ladakh,40
01-May-23,2-Wheelers,BATTRE ELECTRIC,1185,Ladakh,211
01-May-23,2-Wheelers,KINETIC GREEN,886,Manipur,426
01-May-23,2-Wheelers,REVOLT,565,Manipur,239
01-May-23,2-Wheelers,OTHERS,6627,Mizoram,415
01-Jun-21,2-Wheelers,HERO ELECTRIC,1355,Nagaland,654
01-Jun-21,2-Wheelers,OKINAWA,984,Arunachal Pradesh,1281
01-Jun-21,2-Wheelers,AMPERE,299,Ladakh,33
01-Jun-21,2-Wheelers,ATHER,320,Ladakh,187
01-Jun-21,2-Wheelers,PURE EV,460,Mizoram,453
01-Jun-21,2-Wheelers,TVS,208,Nagaland,471
01-Jun-21,2-Wheelers,REVOLT,59,Nagaland,743
01-Jun-21,2-Wheelers,BAJAJ,176,Arunachal Pradesh,1458
01-Jun-21,2-Wheelers,BEING,198,Ladakh,39
01-Jun-21,2-Wheelers,JITENDRA,43,Ladakh,166
01-Jun-21,2-Wheelers,OTHERS,567,Mizoram,531
01-Jun-22,2-Wheelers,OLA ELECTRIC,5897,Ladakh,7
01-Jun-22,2-Wheelers,OKINAWA,7554,Ladakh,144
01-Jun-22,2-Wheelers,HERO ELECTRIC,6836,Mizoram,568
01-Jun-22,2-Wheelers,AMPERE,6919,Nagaland,421
01-Jun-22,2-Wheelers,TVS,1983,Nagaland,562
01-Jun-22,2-Wheelers,ATHER,3829,Arunachal Pradesh,995
01-Jun-22,2-Wheelers,BAJAJ,1824,Nagaland,505
01-Jun-22,2-Wheelers,OKAYA EV,760,Ladakh,141
01-Jun-22,2-Wheelers,REVOLT,2423,Andaman & Nicobar,177
01-Jun-22,2-Wheelers,PURE EV,1125,Nagaland,877
01-Jun-22,2-Wheelers,BEING,1005,Arunachal Pradesh,1117
01-Jun-22,2-Wheelers,JITENDRA,568,Nagaland,763
01-Jun-22,2-Wheelers,OTHERS,3658,Ladakh,4
01-Jun-23,2-Wheelers,OLA ELECTRIC,17768,Mizoram,494
01-Jun-23,2-Wheelers,TVS,7772,Ladakh,47
01-Jun-23,2-Wheelers,ATHER,4547,Arunachal Pradesh,1259
01-Jun-23,2-Wheelers,BAJAJ,2975,Ladakh,11
01-Jun-23,2-Wheelers,AMPERE,3006,Mizoram,463
01-Jun-23,2-Wheelers,OKINAWA,2588,Nagaland,1336
01-Jun-23,2-Wheelers,HERO ELECTRIC,1123,Ladakh,81
01-Jun-23,2-Wheelers,OKAYA EV,419,DNH and DD,657
01-Jun-23,2-Wheelers,BGAUSS,189,Himachal Pradesh,3544
01-Jun-23,2-Wheelers,BATTRE ELECTRIC,82,Meghalaya,930
01-Jun-23,2-Wheelers,KINETIC GREEN,201,Chandigarh,413
01-Jun-23,2-Wheelers,REVOLT,705,Haryana,4373
01-Jun-23,2-Wheelers,OTHERS,4466,Himachal Pradesh,1503
01-Jul-21,2-Wheelers,HERO ELECTRIC,4557,Jharkhand,2290
01-Jul-21,2-Wheelers,OKINAWA,2633,Madhya Pradesh,6302
01-Jul-21,2-Wheelers,AMPERE,663,Meghalaya,88
01-Jul-21,2-Wheelers,ATHER,1799,Assam,3842
01-Jul-21,2-Wheelers,PURE EV,1417,DNH and DD,234
01-Jul-21,2-Wheelers,TVS,648,Himachal Pradesh,3193
01-Jul-21,2-Wheelers,REVOLT,321,Jammu and Kashmir,4469
01-Jul-21,2-Wheelers,BAJAJ,730,Tripura,1523
01-Jul-21,2-Wheelers,BEING,494,Jammu and Kashmir,5336
01-Jul-21,2-Wheelers,JITENDRA,212,Meghalaya,759
01-Jul-21,2-Wheelers,OTHERS,1202,Andaman & Nicobar Island,110
01-Jul-22,2-Wheelers,OLA ELECTRIC,3864,Puducherry,837
01-Jul-22,2-Wheelers,OKINAWA,8394,DNH and DD,666
01-Jul-22,2-Wheelers,HERO ELECTRIC,9334,Himachal Pradesh,3379
01-Jul-22,2-Wheelers,AMPERE,6812,Jammu and Kashmir,3773
01-Jul-22,2-Wheelers,TVS,4348,Nagaland,578
01-Jul-22,2-Wheelers,ATHER,1289,Andaman & Nicobar Island,70
01-Jul-22,2-Wheelers,BAJAJ,2482,DNH and DD,628
01-Jul-22,2-Wheelers,OKAYA EV,1076,DNH and DD,333
01-Jul-22,2-Wheelers,REVOLT,2318,Himachal Pradesh,3201
01-Jul-22,2-Wheelers,PURE EV,1000,DNH and DD,938
01-Jul-22,2-Wheelers,BEING,1245,Puducherry,532
01-Jul-22,2-Wheelers,JITENDRA,880,Andaman & Nicobar Island,122
01-Jul-22,2-Wheelers,OTHERS,3562,DNH and DD,336
01-Jul-23,2-Wheelers,OLA ELECTRIC,19409,Himachal Pradesh,4105
01-Jul-23,2-Wheelers,TVS,10272,Tripura,3579
01-Jul-23,2-Wheelers,ATHER,6604,DNH and DD,354
01-Jul-23,2-Wheelers,BAJAJ,4081,Meghalaya,917
01-Jul-23,2-Wheelers,AMPERE,3530,DNH and DD,355
01-Jul-23,2-Wheelers,OKINAWA,2238,Andaman & Nicobar Island,147
01-Jul-23,2-Wheelers,HERO ELECTRIC,770,DNH and DD,431
01-Jul-23,2-Wheelers,OKAYA EV,775,Manipur,1246
01-Jul-23,2-Wheelers,BGAUSS,653,Manipur,813
01-Jul-23,2-Wheelers,BATTRE ELECTRIC,133,Meghalaya,860
01-Jul-23,2-Wheelers,KINETIC GREEN,229,DNH and DD,374
01-Jul-23,2-Wheelers,REVOLT,478,Mizoram,1638
01-Jul-23,2-Wheelers,OTHERS,5020,Nagaland,514
01-Aug-21,2-Wheelers,HERO ELECTRIC,5527,DNH and DD,767
01-Aug-21,2-Wheelers,OKINAWA,2894,Meghalaya,1087
01-Aug-21,2-Wheelers,AMPERE,810,Arunachal Pradesh,947
01-Aug-21,2-Wheelers,ATHER,1613,Ladakh,285
01-Aug-21,2-Wheelers,PURE EV,1094,Mizoram,1427
01-Aug-21,2-Wheelers,TVS,651,DNH and DD,303
01-Aug-21,2-Wheelers,REVOLT,853,DNH and DD,390
01-Aug-21,2-Wheelers,BAJAJ,796,Manipur,2473
01-Aug-21,2-Wheelers,BEING,325,Meghalaya,1719
01-Aug-21,2-Wheelers,JITENDRA,208,Meghalaya,1188
01-Aug-21,2-Wheelers,OTHERS,1279,Andaman & Nicobar Island,159
01-Aug-22,2-Wheelers,OLA ELECTRIC,3475,Arunachal Pradesh,925
01-Aug-22,2-Wheelers,OKINAWA,8756,Meghalaya,1180
01-Aug-22,2-Wheelers,HERO ELECTRIC,9925,Punjab,13085
01-Aug-22,2-Wheelers,AMPERE,6771,DNH and DD,360
01-Aug-22,2-Wheelers,TVS,6426,Ladakh,20
01-Aug-22,2-Wheelers,ATHER,5376,Meghalaya,1271
01-Aug-22,2-Wheelers,BAJAJ,2620,Andaman & Nicobar Island,373
01-Aug-22,2-Wheelers,OKAYA EV,905,Andaman & Nicobar Island,162
01-Aug-22,2-Wheelers,REVOLT,1662,Meghalaya,1907
01-Aug-22,2-Wheelers,PURE EV,880,Andaman & Nicobar Island,122
01-Aug-22,2-Wheelers,BEING,1099,Arunachal Pradesh,892
01-Aug-22,2-Wheelers,JITENDRA,653,DNH and DD,407
01-Aug-22,2-Wheelers,OTHERS,3678,Nagaland,687
01-Aug-23,2-Wheelers,OLA ELECTRIC,18983,Tripura,299
01-Aug-23,2-Wheelers,TVS,15296,Arunachal Pradesh,1193
01-Aug-23,2-Wheelers,ATHER,7065,Andaman & Nicobar Island,136
01-Aug-23,2-Wheelers,BAJAJ,6508,DNH and DD,370
01-Aug-23,2-Wheelers,AMPERE,3654,Meghalaya,1969
01-Aug-23,2-Wheelers,OKINAWA,1977,Ladakh,117
01-Aug-23,2-Wheelers,HERO ELECTRIC,774,Nagaland,599
01-Aug-23,2-Wheelers,OKAYA EV,1137,Nagaland,739
01-Aug-23,2-Wheelers,BGAUSS,912,DNH and DD,357
01-Aug-23,2-Wheelers,BATTRE ELECTRIC,287,Andaman & Nicobar Island,148
01-Aug-23,2-Wheelers,KINETIC GREEN,380,Nagaland,531
01-Aug-23,2-Wheelers,REVOLT,508,Andaman & Nicobar Island,404
01-Aug-23,2-Wheelers,OTHERS,4990,Andaman & Nicobar Island,191
01-Sep-21,2-Wheelers,HERO ELECTRIC,6727,Meghalaya,1776
01-Sep-21,2-Wheelers,OKINAWA,3321,Meghalaya,1354
01-Sep-21,2-Wheelers,AMPERE,807,Andaman & Nicobar Island,170
01-Sep-21,2-Wheelers,ATHER,2174,Nagaland,634
01-Sep-21,2-Wheelers,PURE EV,1337,Nagaland,860
01-Sep-21,2-Wheelers,TVS,688,Meghalaya,1518
01-Sep-21,2-Wheelers,REVOLT,499,Meghalaya,1060
01-Sep-21,2-Wheelers,BAJAJ,381,Mizoram,513
01-Sep-21,2-Wheelers,BEING,337,Meghalaya,1429
01-Sep-21,2-Wheelers,JITENDRA,134,Andaman & Nicobar Island,181
01-Sep-21,2-Wheelers,OTHERS,1627,Nagaland,822
01-Sep-22,2-Wheelers,OLA ELECTRIC,8065,Andaman & Nicobar Island,158
01-Sep-22,2-Wheelers,OKINAWA,8497,Arunachal Pradesh,1081
01-Sep-22,2-Wheelers,HERO ELECTRIC,8208,Andaman & Nicobar Island,168
01-Sep-22,2-Wheelers,AMPERE,6488,Andhra Pradesh,7837
01-Sep-22,2-Wheelers,TVS,4001,Bihar,5731
01-Sep-22,2-Wheelers,ATHER,6280,Chandigarh,1426
01-Sep-22,2-Wheelers,BAJAJ,3649,Delhi,8076
01-Sep-22,2-Wheelers,OKAYA EV,954,Goa,1442
01-Sep-22,2-Wheelers,REVOLT,865,Gujarat,17386
01-Sep-22,2-Wheelers,PURE EV,790,Haryana,15476
01-Sep-22,2-Wheelers,BEING,975,Jharkhand,3425
01-Sep-22,2-Wheelers,JITENDRA,661,Karnataka,16864
01-Sep-22,2-Wheelers,OTHERS,3849,Kerala,23660
01-Sep-23,2-Wheelers,OLA ELECTRIC,18926,Madhya Pradesh,5356
01-Sep-23,2-Wheelers,TVS,15425,Maharashtra,16829
01-Sep-23,2-Wheelers,ATHER,7107,Odisha,5101
01-Sep-23,2-Wheelers,BAJAJ,7019,Punjab,8955
01-Sep-23,2-Wheelers,AMPERE,4148,Rajasthan,10647
01-Sep-23,2-Wheelers,OKINAWA,1769,Tamil Nadu,18826
01-Sep-23,2-Wheelers,HERO ELECTRIC,835,Uttar Pradesh,23056
01-Sep-23,2-Wheelers,OKAYA EV,873,Uttarakhand,2728
01-Sep-23,2-Wheelers,BGAUSS,924,West Bengal,7640
01-Sep-23,2-Wheelers,BATTRE ELECTRIC,255,Andhra Pradesh,5831
01-Sep-23,2-Wheelers,KINETIC GREEN,231,Goa,393
01-Sep-23,2-Wheelers,REVOLT,879,Gujarat,15959
01-Sep-23,2-Wheelers,OTHERS,5355,Karnataka,646
01-Oct-21,2-Wheelers,HERO ELECTRIC,6799,Kerala,5164
01-Oct-21,2-Wheelers,OKINAWA,4166,Maharashtra,13528
01-Oct-21,2-Wheelers,AMPERE,1083,Puducherry,119
01-Oct-21,2-Wheelers,ATHER,2647,Rajasthan,2756
01-Oct-21,2-Wheelers,PURE EV,1400,Tamil Nadu,3413
01-Oct-21,2-Wheelers,TVS,486,Uttar Pradesh,14016
01-Oct-21,2-Wheelers,REVOLT,900,West Bengal,3962
01-Oct-21,2-Wheelers,BAJAJ,754,Andhra Pradesh,6098
01-Oct-21,2-Wheelers,BEING,469,Bihar,5692
01-Oct-21,2-Wheelers,JITENDRA,283,Chandigarh,2050
01-Oct-21,2-Wheelers,OTHERS,1826,Chhattisgarh,4526
01-Oct-22,2-Wheelers,OLA ELECTRIC,15391,Delhi,12914
01-Oct-22,2-Wheelers,OKINAWA,14950,Goa,749
01-Oct-22,2-Wheelers,HERO ELECTRIC,8868,Gujarat,19359
01-Oct-22,2-Wheelers,AMPERE,10113,Haryana,13420
01-Oct-22,2-Wheelers,TVS,5820,Jharkhand,4405
01-Oct-22,2-Wheelers,ATHER,7356,Karnataka,8030
01-Oct-22,2-Wheelers,BAJAJ,3549,Kerala,10018
01-Oct-22,2-Wheelers,OKAYA EV,1968,Madhya Pradesh,12092
01-Oct-22,2-Wheelers,REVOLT,1041,Maharashtra,24817
01-Oct-22,2-Wheelers,PURE EV,1047,Odisha,3041
01-Oct-22,2-Wheelers,BEING,1422,Punjab,7126
01-Oct-22,2-Wheelers,JITENDRA,1111,Rajasthan,12070
01-Oct-22,2-Wheelers,OTHERS,4614,Tamil Nadu,7793
01-Oct-23,2-Wheelers,OLA ELECTRIC,23968,Uttar Pradesh,25704
01-Oct-23,2-Wheelers,TVS,16309,Uttarakhand,2972
01-Oct-23,2-Wheelers,ATHER,8375,West Bengal,6316
01-Oct-23,2-Wheelers,BAJAJ,8960,Andaman & Nicobar Island,176
01-Oct-23,2-Wheelers,AMPERE,4487,Andhra Pradesh,7877
01-Oct-23,2-Wheelers,OKINAWA,1457,Bihar,5438
01-Oct-23,2-Wheelers,HERO ELECTRIC,658,Chandigarh,1916
01-Oct-23,2-Wheelers,OKAYA EV,863,Chhattisgarh,4916
01-Oct-23,2-Wheelers,BGAUSS,1157,Delhi,15033
01-Oct-23,2-Wheelers,BATTRE ELECTRIC,227,Goa,982
01-Oct-23,2-Wheelers,KINETIC GREEN,389,Gujarat,23792
01-Oct-23,2-Wheelers,REVOLT,681,Haryana,14524
01-Oct-23,2-Wheelers,OTHERS,7092,Himachal Pradesh,3811
01-Nov-21,2-Wheelers,HERO ELECTRIC,7493,Jharkhand,5020
01-Nov-21,2-Wheelers,OKINAWA,5542,Karnataka,21640
01-Nov-21,2-Wheelers,AMPERE,2077,Kerala,18406
01-Nov-21,2-Wheelers,ATHER,2202,Madhya Pradesh,14581
01-Nov-21,2-Wheelers,PURE EV,1688,Maharashtra,38063
01-Nov-21,2-Wheelers,TVS,522,Odisha,5552
01-Nov-21,2-Wheelers,REVOLT,780,Punjab,9328
01-Nov-21,2-Wheelers,BAJAJ,728,Rajasthan,14374
01-Nov-21,2-Wheelers,BEING,912,Tamil Nadu,20857
01-Nov-21,2-Wheelers,JITENDRA,273,Uttar Pradesh,27999
01-Nov-21,2-Wheelers,OTHERS,2317,Uttarakhand,4182
01-Nov-22,2-Wheelers,OLA ELECTRIC,15797,West Bengal,8919
01-Nov-22,2-Wheelers,OKINAWA,9068,Andhra Pradesh,8245
01-Nov-22,2-Wheelers,HERO ELECTRIC,9026,Assam,6447
01-Nov-22,2-Wheelers,AMPERE,12446,Bihar,5724
01-Nov-22,2-Wheelers,TVS,8147,Chandigarh,1845
01-Nov-22,2-Wheelers,ATHER,7837,Chhattisgarh,4350
01-Nov-22,2-Wheelers,BAJAJ,3057,Delhi,13177
01-Nov-22,2-Wheelers,OKAYA EV,1783,Goa,1439
01-Nov-22,2-Wheelers,REVOLT,524,Gujarat,20394
01-Nov-22,2-Wheelers,PURE EV,925,Haryana,16027
01-Nov-22,2-Wheelers,BEING,1216,Jharkhand,5113
01-Nov-22,2-Wheelers,JITENDRA,1256,Karnataka,21975
01-Nov-22,2-Wheelers,OTHERS,5693,Kerala,22813
01-Nov-23,2-Wheelers,OLA ELECTRIC,29980,Madhya Pradesh,12758
01-Nov-23,2-Wheelers,TVS,18914,Maharashtra,35127
01-Nov-23,2-Wheelers,ATHER,9220,Odisha,5453
01-Nov-23,2-Wheelers,BAJAJ,11769,Punjab,9209
01-Nov-23,2-Wheelers,AMPERE,4638,Rajasthan,11454
01-Nov-23,2-Wheelers,OKINAWA,1587,Tamil Nadu,20865
01-Nov-23,2-Wheelers,HERO ELECTRIC,814,Uttar Pradesh,24012
01-Nov-23,2-Wheelers,OKAYA EV,1281,Uttarakhand,3760
01-Nov-23,2-Wheelers,BGAUSS,1589,West Bengal,9198
01-Nov-23,2-Wheelers,BATTRE ELECTRIC,659,Andhra Pradesh,7952
01-Nov-23,2-Wheelers,KINETIC GREEN,422,Bihar,4339
01-Nov-23,2-Wheelers,REVOLT,663,Chandigarh,1607
01-Nov-23,2-Wheelers,OTHERS,9707,Chhattisgarh,3650
01-Dec-21,2-Wheelers,HERO ELECTRIC,6402,Delhi,9181
01-Dec-21,2-Wheelers,OKINAWA,6184,Goa,1277
01-Dec-21,2-Wheelers,AMPERE,3410,Gujarat,24797
01-Dec-21,2-Wheelers,ATHER,1813,Haryana,14879
01-Dec-21,2-Wheelers,PURE EV,1685,Jharkhand,3892
01-Dec-21,2-Wheelers,OLA ELECTRIC,240,Karnataka,21407
01-Dec-21,2-Wheelers,TVS,1119,Kerala,22063
01-Dec-21,2-Wheelers,REVOLT,835,Madhya Pradesh,11756
01-Dec-21,2-Wheelers,BAJAJ,642,Maharashtra,27900
01-Dec-21,2-Wheelers,BEING,1190,Odisha,4865
01-Dec-21,2-Wheelers,JITENDRA,503,Puducherry,640
01-Dec-21,2-Wheelers,OTHERS,2603,Punjab,7521
01-Dec-22,2-Wheelers,OLA ELECTRIC,16919,Rajasthan,11035
01-Dec-22,2-Wheelers,OKINAWA,5281,Tamil Nadu,18823
01-Dec-22,2-Wheelers,HERO ELECTRIC,8100,Uttar Pradesh,23510
01-Dec-22,2-Wheelers,AMPERE,4592,Uttarakhand,3171
01-Dec-22,2-Wheelers,TVS,9363,West Bengal,9437
01-Dec-22,2-Wheelers,ATHER,7693,Andhra Pradesh,7366
01-Dec-22,2-Wheelers,BAJAJ,3240,Bihar,5838
01-Dec-22,2-Wheelers,OKAYA EV,1445,Chandigarh,1816
01-Dec-22,2-Wheelers,REVOLT,37,Chhattisgarh,5255
01-Dec-22,2-Wheelers,PURE EV,780,Delhi,12876
01-Dec-22,2-Wheelers,BEING,966,Goa,1165
01-Dec-22,2-Wheelers,JITENDRA,668,Gujarat,23184
01-Dec-22,2-Wheelers,OTHERS,5557,Haryana,11634
01-Dec-23,2-Wheelers,OLA ELECTRIC,30588,Jammu and Kashmir,4205
01-Dec-23,2-Wheelers,TVS,12171,Jharkhand,4806
01-Dec-23,2-Wheelers,ATHER,6471,Karnataka,18505
01-Dec-23,2-Wheelers,BAJAJ,10292,Kerala,14562
01-Dec-23,2-Wheelers,AMPERE,3309,Madhya Pradesh,9554
01-Dec-23,2-Wheelers,OKINAWA,953,Maharashtra,33771
01-Dec-23,2-Wheelers,HERO ELECTRIC,545,Odisha,5830
01-Dec-23,2-Wheelers,OKAYA EV,700,Punjab,8523
01-Dec-23,2-Wheelers,BGAUSS,1200,Rajasthan,12823
01-Dec-23,2-Wheelers,BATTRE ELECTRIC,241,Tamil Nadu,14796
01-Dec-23,2-Wheelers,KINETIC GREEN,660,Uttar Pradesh,23095
01-Dec-23,2-Wheelers,REVOLT,673,Uttarakhand,3523
01-Dec-23,2-Wheelers,OTHERS,7691,West Bengal,7120
01-Jan-22,2-Wheelers,HERO ELECTRIC,8238,Andhra Pradesh,7374
01-Jan-22,2-Wheelers,OKINAWA,5737,Bihar,6992
01-Jan-22,2-Wheelers,AMPERE,4366,Chandigarh,1919
01-Jan-22,2-Wheelers,ATHER,1881,Chhattisgarh,4824
01-Jan-22,2-Wheelers,PURE EV,1691,Delhi,11782
01-Jan-22,2-Wheelers,OLA ELECTRIC,1107,Goa,1293
01-Jan-22,2-Wheelers,TVS,1155,Gujarat,22396
01-Jan-22,2-Wheelers,REVOLT,673,Haryana,16035
01-Jan-22,2-Wheelers,BAJAJ,612,Jharkhand,5320
01-Jan-22,2-Wheelers,BEING,1062,Karnataka,17247
01-Jan-22,2-Wheelers,JITENDRA,535,Kerala,15244
01-Jan-22,2-Wheelers,OTHERS,3065,Madhya Pradesh,12871
01-Jan-23,2-Wheelers,OLA ELECTRIC,20148,Maharashtra,28322
01-Jan-23,2-Wheelers,OKINAWA,4407,Odisha,5095
01-Jan-23,2-Wheelers,HERO ELECTRIC,6399,Punjab,9015
01-Jan-23,2-Wheelers,AMPERE,4456,Rajasthan,16115
01-Jan-23,2-Wheelers,TVS,10462,Tamil Nadu,15533
01-Jan-23,2-Wheelers,ATHER,9224,Uttar Pradesh,29608
01-Jan-23,2-Wheelers,BAJAJ,2252,Uttarakhand,3954
01-Jan-23,2-Wheelers,OKAYA EV,1265,West Bengal,8836
01-Jan-23,2-Wheelers,REVOLT,14,Andhra Pradesh,6314
01-Jan-23,2-Wheelers,PURE EV,717,Assam,6737
01-Jan-23,2-Wheelers,BEING,571,Bihar,5031
01-Jan-23,2-Wheelers,JITENDRA,522,Chandigarh,1985
01-Jan-23,2-Wheelers,OTHERS,4241,Chhattisgarh,3651
01-Jan-24,2-Wheelers,OLA ELECTRIC,32275,Delhi,12633
01-Jan-24,2-Wheelers,TVS,15153,Goa,1306
01-Jan-24,2-Wheelers,ATHER,9244,Gujarat,24277
01-Jan-24,2-Wheelers,BAJAJ,10753,Haryana,16015
01-Jan-24,2-Wheelers,AMPERE,2505,Jharkhand,4258
01-Jan-24,2-Wheelers,OKINAWA,675,Karnataka,16243
01-Jan-24,2-Wheelers,HERO ELECTRIC,413,Kerala,16994
01-Jan-24,2-Wheelers,OKAYA EV,574,Madhya Pradesh,11820
01-Jan-24,2-Wheelers,BGAUSS,1469,Maharashtra,29346
01-Jan-24,2-Wheelers,BATTRE ELECTRIC,284,Odisha,4634
01-Jan-24,2-Wheelers,KINETIC GREEN,810,Puducherry,608
01-Jan-24,2-Wheelers,REVOLT,524,Punjab,10624
01-Jan-24,2-Wheelers,OTHERS,6664,Rajasthan,12739
01-Feb-22,2-Wheelers,HERO ELECTRIC,7773,Tamil Nadu,17001
01-Feb-22,2-Wheelers,OKINAWA,6122,Uttar Pradesh,33774
01-Feb-22,2-Wheelers,AMPERE,4431,Uttarakhand,4270
01-Feb-22,2-Wheelers,ATHER,2232,West Bengal,8452
01-Feb-22,2-Wheelers,PURE EV,1428,Andhra Pradesh,8418
01-Feb-22,2-Wheelers,OLA ELECTRIC,3911,Bihar,5538
01-Feb-22,2-Wheelers,TVS,1560,Chandigarh,1519
01-Feb-22,2-Wheelers,REVOLT,1128,Chhattisgarh,4667
01-Feb-22,2-Wheelers,BAJAJ,1372,Delhi,13659
01-Feb-22,2-Wheelers,BEING,1149,Goa,1185
01-Feb-22,2-Wheelers,JITENDRA,583,Gujarat,21963
01-Feb-22,2-Wheelers,OTHERS,4033,Haryana,17633
01-Feb-23,2-Wheelers,OLA ELECTRIC,17762,Himachal Pradesh,3090
01-Feb-23,2-Wheelers,OKINAWA,3848,Jharkhand,4345
01-Feb-23,2-Wheelers,HERO ELECTRIC,5863,Karnataka,21967
01-Feb-23,2-Wheelers,AMPERE,6003,Kerala,17441
01-Feb-23,2-Wheelers,TVS,12671,Madhya Pradesh,11325
01-Feb-23,2-Wheelers,ATHER,10069,Maharashtra,35772
01-Feb-23,2-Wheelers,BAJAJ,2537,Odisha,5876
01-Feb-23,2-Wheelers,OKAYA EV,1232,Punjab,9792
01-Feb-23,2-Wheelers,REVOLT,79,Rajasthan,13658
01-Feb-23,2-Wheelers,PURE EV,488,Tamil Nadu,20494
01-Feb-23,2-Wheelers,BEING,337,Uttar Pradesh,32561
01-Feb-23,2-Wheelers,JITENDRA,308,Uttarakhand,4241
01-Feb-23,2-Wheelers,OTHERS,4874,West Bengal,7968
01-Feb-24,2-Wheelers,OLA ELECTRIC,33967,Andhra Pradesh,6361
01-Feb-24,2-Wheelers,TVS,14431,Assam,6152
01-Feb-24,2-Wheelers,ATHER,8957,Bihar,5658
01-Feb-24,2-Wheelers,BAJAJ,11603,Chandigarh,1941
01-Feb-24,2-Wheelers,AMPERE,2577,Chhattisgarh,3922
01-Feb-24,2-Wheelers,OKINAWA,652,Delhi,12608
01-Feb-24,2-Wheelers,HERO ELECTRIC,323,Goa,1160
01-Feb-24,2-Wheelers,OKAYA EV,649,Gujarat,24012
01-Feb-24,2-Wheelers,BGAUSS,1334,Haryana,16353
01-Feb-24,2-Wheelers,BATTRE ELECTRIC,219,Himachal Pradesh,3616
01-Feb-24,2-Wheelers,KINETIC GREEN,624,Jammu and Kashmir,4679
01-Feb-24,2-Wheelers,REVOLT,473,Jharkhand,4335
01-Feb-24,2-Wheelers,OTHERS,6154,Karnataka,17561
01-Mar-22,2-Wheelers,HERO ELECTRIC,13652,Kerala,14575
01-Mar-22,2-Wheelers,OKINAWA,8586,Madhya Pradesh,11274
01-Mar-22,2-Wheelers,AMPERE,6666,Maharashtra,31805
01-Mar-22,2-Wheelers,ATHER,2232,Odisha,5023
01-Mar-22,2-Wheelers,PURE EV,2065,Punjab,9464
01-Mar-22,2-Wheelers,OLA ELECTRIC,9143,Rajasthan,14811
01-Mar-22,2-Wheelers,TVS,2391,Tamil Nadu,16711
01-Mar-22,2-Wheelers,REVOLT,1413,Uttar Pradesh,28479
01-Mar-22,2-Wheelers,BAJAJ,855,Uttarakhand,3820
01-Mar-22,2-Wheelers,BEING,1013,West Bengal,7395
01-Mar-22,2-Wheelers,JITENDRA,1052,Andaman & Nicobar Island,108
01-Mar-22,2-Wheelers,OTHERS,5330,Andhra Pradesh,7288
01-Mar-23,2-Wheelers,OLA ELECTRIC,22398,Assam,7281
01-Mar-23,2-Wheelers,OKINAWA,4509,Bihar,6694
01-Mar-23,2-Wheelers,HERO ELECTRIC,6661,Chandigarh,2279
01-Mar-23,2-Wheelers,AMPERE,9736,Chhattisgarh,4200
01-Mar-23,2-Wheelers,TVS,16896,Delhi,13385
01-Mar-23,2-Wheelers,ATHER,12180,Goa,1474
01-Mar-23,2-Wheelers,BAJAJ,4552,Gujarat,26077
01-Mar-23,2-Wheelers,OKAYA EV,1765,Haryana,18621
01-Mar-23,2-Wheelers,REVOLT,1140,Himachal Pradesh,3371
01-Mar-23,2-Wheelers,PURE EV,584,Jammu and Kashmir,4854
01-Mar-23,2-Wheelers,BEING,446,Jharkhand,5062
01-Mar-23,2-Wheelers,JITENDRA,350,Karnataka,22167
01-Mar-23,2-Wheelers,OTHERS,5089,Kerala,16628
01-Mar-24,2-Wheelers,OLA ELECTRIC,44630,Madhya Pradesh,11616
01-Mar-24,2-Wheelers,TVS,26158,Maharashtra,39762
01-Mar-24,2-Wheelers,ATHER,17012,Odisha,6098
01-Mar-24,2-Wheelers,BAJAJ,17716,Puducherry,817
01-Mar-24,2-Wheelers,AMPERE,3108,Punjab,10836
01-Mar-24,2-Wheelers,OKINAWA,673,Rajasthan,13751
01-Mar-24,2-Wheelers,HERO ELECTRIC,316,Tamil Nadu,20604
01-Mar-24,2-Wheelers,OKAYA EV,1218,Uttar Pradesh,29324
01-Mar-24,2-Wheelers,BGAUSS,3070,Uttarakhand,4026
01-Mar-24,2-Wheelers,BATTRE ELECTRIC,625,West Bengal,8539
01-Mar-24,2-Wheelers,KINETIC GREEN,3915,Andhra Pradesh,7195
01-Mar-24,2-Wheelers,REVOLT,585,Assam,6354
01-Mar-24,2-Wheelers,OTHERS,10579,Bihar,5981
,,,,Chandigarh,2167
,,,,Chhattisgarh,4861
,,,,Delhi,15811
,,,,Goa,1390
,,,,Gujarat,26534
,,,,Haryana,16721
,,,,Himachal Pradesh,3140
,,,,Jammu and Kashmir,4468
,,,,Jharkhand,4564
,,,,Karnataka,24129
,,,,Kerala,16142
,,,,Madhya Pradesh,11896
,,,,Maharashtra,32449
,,,,Odisha,5448
,,,,Puducherry,702
,,,,Punjab,10147
,,,,Rajasthan,15176
,,,,Tamil Nadu,17499
,,,,Uttar Pradesh,32173
,,,,Uttarakhand,4116
,,,,West Bengal,8560
,,,,Andhra Pradesh,6927
,,,,Assam,6761
,,,,Bihar,6495
,,,,Chandigarh,2248
,,,,Chhattisgarh,4397
,,,,Delhi,15194
,,,,Goa,1360
,,,,Gujarat,23174
,,,,Haryana,18343
,,,,Himachal Pradesh,3778
,,,,Jammu and Kashmir,4775
,,,,Jharkhand,4306
,,,,Karnataka,20924
,,,,Kerala,15706
,,,,Madhya Pradesh,14017
,,,,Maharashtra,34222
,,,,Meghalaya,1051
,,,,Odisha,5583
,,,,Puducherry,726
,,,,Punjab,9843
,,,,Rajasthan,17047
,,,,Tamil Nadu,19368
,,,,Uttar Pradesh,30695
,,,,Uttarakhand,3948
,,,,West Bengal,8341
,,,,Andhra Pradesh,6652
,,,,Assam,5825
,,,,Bihar,5543
,,,,Chandigarh,1993
,,,,Chhattisgarh,3933
,,,,DNH and DD,369
,,,,Delhi,14908
,,,,Goa,1342
,,,,Gujarat,26192
,,,,Haryana,17365
,,,,Himachal Pradesh,3457
,,,,Jammu and Kashmir,4239
,,,,Jharkhand,4097
,,,,Karnataka,22817
,,,,Kerala,16486
,,,,Madhya Pradesh,12480
,,,,Maharashtra,35587
,,,,Odisha,5778
,,,,Puducherry,808
,,,,Punjab,9388
,,,,Rajasthan,13559
,,,,Tamil Nadu,20592
,,,,Uttar Pradesh,27820
,,,,Uttarakhand,3959
,,,,West Bengal,8407
,,,,Andhra Pradesh,6757
,,,,Assam,6769
,,,,Bihar,5215
,,,,Chandigarh,2709
,,,,Chhattisgarh,4394
,,,,Delhi,16056
,,,,Goa,1545
,,,,Gujarat,24735
,,,,Haryana,17539
,,,,Himachal Pradesh,3618
,,,,Jammu and Kashmir,4577
,,,,Jharkhand,4187
,,,,Karnataka,19322
,,,,Kerala,14993
,,,,Madhya Pradesh,11437
,,,,Maharashtra,35100
,,,,Meghalaya,1053
,,,,Odisha,5336
,,,,Puducherry,681
,,,,Punjab,9415
,,,,Rajasthan,12817
,,,,Tamil Nadu,17830
,,,,Uttar Pradesh,27276
,,,,Uttarakhand,3820
,,,,West Bengal,8312
,,,,Andhra Pradesh,7491
,,,,Assam,6733
,,,,Bihar,5012
,,,,Chandigarh,1903
,,,,Chhattisgarh,3974
,,,,Delhi,16315
,,,,Goa,2364
,,,,Gujarat,23571
,,,,Haryana,18545
,,,,Himachal Pradesh,3517
,,,,Jammu and Kashmir,4299
,,,,Jharkhand,4040
,,,,Karnataka,23924
,,,,Kerala,21051
,,,,Ladakh,269
,,,,Madhya Pradesh,15953
,,,,Maharashtra,40173
,,,,Odisha,5716
,,,,Puducherry,758
,,,,Punjab,9913
,,,,Rajasthan,12578
,,,,Tamil Nadu,20944
,,,,Uttar Pradesh,25778
,,,,Uttarakhand,3599
,,,,West Bengal,9228
,,,,Andhra Pradesh,8003
,,,,Assam,8690
,,,,Bihar,5315
,,,,Chandigarh,2119
,,,,Chhattisgarh,3978
,,,,Delhi,14076
,,,,Goa,1687
,,,,Gujarat,25102
,,,,Haryana,14140
,,,,Himachal Pradesh,2815
,,,,Jammu and Kashmir,4432
,,,,Jharkhand,4183
,,,,Karnataka,25136
,,,,Kerala,19551
,,,,Madhya Pradesh,11080
,,,,Maharashtra,33643
,,,,Meghalaya,1047
,,,,Odisha,5941
,,,,Puducherry,858
,,,,Punjab,8968
,,,,Rajasthan,12513
,,,,Tamil Nadu,21233
,,,,Uttar Pradesh,22777
,,,,Uttarakhand,3066
,,,,West Bengal,11473
,,,,Andhra Pradesh,8075
,,,,Assam,7529
,,,,Bihar,7888
,,,,Chandigarh,2422
,,,,Chhattisgarh,7365
,,,,DNH and DD,432
,,,,Delhi,18613
,,,,Goa,2230
,,,,Gujarat,31456
,,,,Haryana,21475
,,,,Himachal Pradesh,3447
,,,,Jammu and Kashmir,4556
,,,,Jharkhand,6208
,,,,Karnataka,26091
,,,,Kerala,16857
,,,,Madhya Pradesh,22052
,,,,Maharashtra,51561
,,,,Odisha,6848
,,,,Puducherry,754
,,,,Punjab,10552
,,,,Rajasthan,22678
,,,,Tamil Nadu,18425
,,,,Uttar Pradesh,42577
,,,,Uttarakhand,5163
,,,,West Bengal,6483
,,,,Andhra Pradesh,6272
,,,,Assam,7676
,,,,Bihar,6295
,,,,Chandigarh,2279
,,,,Chhattisgarh,3846
,,,,DNH and DD,455
,,,,Delhi,15949
,,,,Goa,1797
,,,,Gujarat,36212
,,,,Haryana,21202
,,,,Himachal Pradesh,5135
,,,,Jharkhand,4657
,,,,Karnataka,23618
,,,,Kerala,15267
,,,,Madhya Pradesh,10575
,,,,Maharashtra,35215
,,,,Odisha,5833
,,,,Puducherry,782
,,,,Rajasthan,15252
,,,,Tamil Nadu,20180
,,,,Uttar Pradesh,31886
,,,,Uttarakhand,5199
,,,,West Bengal,10465
,,,,Andaman & Nicobar Island,229
,,,,Andhra Pradesh,6769
,,,,Assam,8441
,,,,Bihar,4752
,,,,Chandigarh,2261
,,,,Chhattisgarh,3887
,,,,DNH and DD,365
,,,,Delhi,15492
,,,,Goa,1744
,,,,Gujarat,27614
,,,,Haryana,18223
,,,,Himachal Pradesh,4026
,,,,Jammu and Kashmir,5304
,,,,Jharkhand,3979
,,,,Karnataka,22142
,,,,Kerala,16601
,,,,Madhya Pradesh,11124
,,,,Maharashtra,32422
,,,,Odisha,6616
,,,,Puducherry,690
,,,,Rajasthan,12634
,,,,Tamil Nadu,20201
,,,,Uttar Pradesh,27230
,,,,Uttarakhand,3881
,,,,West Bengal,8047
,,,,Andhra Pradesh,10775
,,,,Assam,7240
,,,,Bihar,6600
,,,,Chandigarh,2500
,,,,Chhattisgarh,4880
,,,,Delhi,17993
,,,,Goa,1888
,,,,Gujarat,25859
,,,,Haryana,25164
,,,,Himachal Pradesh,4192
,,,,Jammu and Kashmir,4245
,,,,Jharkhand,5016
,,,,Karnataka,26011
,,,,Kerala,17267
,,,,Madhya Pradesh,17945
,,,,Maharashtra,44349
,,,,Manipur,892
,,,,Odisha,6278
,,,,Puducherry,1004
,,,,Rajasthan,18017
,,,,Tamil Nadu,24430
,,,,Uttar Pradesh,41439
,,,,Uttarakhand,5040
,,,,West Bengal,9141
,,,,Andhra Pradesh,6628
,,,,Assam,7029
,,,,Bihar,6117
,,,,Chandigarh,2061
,,,,Chhattisgarh,4196
,,,,DNH and DD,411
,,,,Delhi,14823
,,,,Goa,1760
,,,,Gujarat,28856
,,,,Haryana,19656
,,,,Himachal Pradesh,3952
,,,,Jammu and Kashmir,4449
,,,,Jharkhand,4234
,,,,Karnataka,21837
,,,,Kerala,14603
,,,,Madhya Pradesh,17295
,,,,Maharashtra,30727
,,,,Manipur,756
,,,,Odisha,5397
,,,,Puducherry,703
,,,,Punjab,11765
,,,,Rajasthan,15819
,,,,Tamil Nadu,18758
,,,,Uttar Pradesh,32464
,,,,Uttarakhand,3985
,,,,West Bengal,8054
,,,,Andhra Pradesh,7764
,,,,Assam,8324
,,,,Bihar,6322
,,,,Chandigarh,2589
,,,,Chhattisgarh,5119
,,,,DNH and DD,485
,,,,Delhi,18638
,,,,Goa,2439
,,,,Gujarat,26082
,,,,Haryana,21547
,,,,Himachal Pradesh,3574
,,,,Jammu and Kashmir,5388
,,,,Jharkhand,4670
,,,,Karnataka,28169
,,,,Kerala,24727
,,,,Madhya Pradesh,14745
,,,,Maharashtra,42854
,,,,Odisha,6358
,,,,Puducherry,999
,,,,Punjab,12430
,,,,Rajasthan,18370
,,,,Tamil Nadu,22131
,,,,Tripura,329
,,,,Uttar Pradesh,34186
,,,,Uttarakhand,4596
,,,,West Bengal,8955
,,,,Andhra Pradesh,7229
,,,,Assam,7022
,,,,Bihar,5840
,,,,Chandigarh,2482
,,,,Chhattisgarh,5558
,,,,Delhi,14861
,,,,Goa,1633
,,,,Gujarat,28451
,,,,Haryana,21914
,,,,Himachal Pradesh,3880
,,,,Jammu and Kashmir,3728
,,,,Jharkhand,4281
,,,,Karnataka,22368
,,,,Kerala,9171
,,,,Madhya Pradesh,10894
,,,,Maharashtra,35336
,,,,Meghalaya,1094
,,,,Odisha,5315
,,,,Puducherry,735
,,,,Punjab,9734
,,,,Rajasthan,14377
,,,,Tamil Nadu,18659
,,,,Uttar Pradesh,32143
,,,,Uttarakhand,4887
,,,,West Bengal,7999
,,,,Andhra Pradesh,8095
,,,,Assam,6994
,,,,Bihar,6865
,,,,Chandigarh,2556
,,,,Chhattisgarh,3785
,,,,DNH and DD,416
,,,,Delhi,16609
,,,,Goa,1878
,,,,Gujarat,25770
,,,,Haryana,21218
,,,,Himachal Pradesh,3565
,,,,Jammu and Kashmir,5095
,,,,Jharkhand,4755
,,,,Karnataka,22601
,,,,Kerala,14819
,,,,Madhya Pradesh,12488
,,,,Maharashtra,35179
,,,,Manipur,119
,,,,Meghalaya,1027
,,,,Odisha,5951
,,,,Puducherry,943
,,,,Punjab,11047
,,,,Rajasthan,16157
,,,,Tamil Nadu,20789
,,,,Tripura,436
,,,,Uttar Pradesh,34515
,,,,Uttarakhand,4675
,,,,West Bengal,8672
,,,,Andhra Pradesh,6611
,,,,Assam,6751
,,,,Bihar,6134
,,,,Chandigarh,2597
,,,,Chhattisgarh,3650
,,,,Delhi,15723
,,,,Goa,1699
,,,,Gujarat,24829
,,,,Haryana,21135
,,,,Himachal Pradesh,3448
,,,,Jammu and Kashmir,4437
,,,,Jharkhand,4320
,,,,Karnataka,24603
,,,,Kerala,14389
,,,,Madhya Pradesh,10927
,,,,Maharashtra,36069
,,,,Meghalaya,950
,,,,Odisha,5873
,,,,Puducherry,910
,,,,Punjab,10547
,,,,Rajasthan,15534
,,,,Tamil Nadu,22976
,,,,Tripura,375
,,,,Uttar Pradesh,30578
,,,,Uttarakhand,4393
,,,,West Bengal,8471
,,,,Andaman & Nicobar Island,163
,,,,Andhra Pradesh,6820
,,,,Arunachal Pradesh,1069
,,,,Assam,7381
,,,,Bihar,5189
,,,,Chandigarh,2326
,,,,Chhattisgarh,3346
,,,,DNH and DD,391
,,,,Delhi,15285
,,,,Goa,1739
,,,,Gujarat,27755
,,,,Haryana,11915
,,,,Himachal Pradesh,3956
,,,,Jammu and Kashmir,4435
,,,,Jharkhand,4010
,,,,Karnataka,23154
,,,,Kerala,14002
,,,,Madhya Pradesh,10811
,,,,Maharashtra,36082
,,,,Manipur,427
,,,,Meghalaya,1030
,,,,Odisha,5745
,,,,Puducherry,809
,,,,Punjab,10766
,,,,Rajasthan,14064
,,,,Tamil Nadu,20553
,,,,Tripura,578
,,,,Uttar Pradesh,29214
,,,,Uttarakhand,4216
,,,,West Bengal,8111
,,,,Andaman & Nicobar Island,183
,,,,Andhra Pradesh,7397
,,,,Arunachal Pradesh,1121
,,,,Assam,7557
,,,,Bihar,5334
,,,,Chandigarh,1937
,,,,Chhattisgarh,3859
,,,,Delhi,15852
,,,,Goa,2177
,,,,Gujarat,25572
,,,,Haryana,24414
,,,,Himachal Pradesh,3975
,,,,Jammu and Kashmir,4843
,,,,Jharkhand,4040
,,,,Karnataka,28235
,,,,Kerala,18189
,,,,Madhya Pradesh,11479
,,,,Maharashtra,40169
,,,,Manipur,458
,,,,Meghalaya,1215
,,,,Odisha,6282
,,,,Puducherry,955
,,,,Punjab,11493
,,,,Rajasthan,14786
,,,,Tamil Nadu,23537
,,,,Tripura,466
,,,,Uttar Pradesh,29829
,,,,Uttarakhand,4283
,,,,West Bengal,9101
,,,,Andhra Pradesh,7044
,,,,Arunachal Pradesh,1003
,,,,Assam,8078
,,,,Bihar,5210
,,,,Chandigarh,1491
,,,,Chhattisgarh,3993
,,,,DNH and DD,468
,,,,Delhi,15776
,,,,Goa,2801
,,,,Gujarat,36818
,,,,Haryana,24045
,,,,Himachal Pradesh,3683
,,,,Jammu and Kashmir,4430
,,,,Jharkhand,4600
,,,,Karnataka,24184
,,,,Kerala,21467
,,,,Madhya Pradesh,11748
,,,,Maharashtra,43063
,,,,Meghalaya,1139
,,,,Odisha,6354
,,,,Puducherry,912
,,,,Punjab,12368
,,,,Rajasthan,16356
,,,,Tamil Nadu,22461
,,,,Tripura,470
,,,,Uttar Pradesh,29087
,,,,Uttarakhand,4234
,,,,West Bengal,9011
,,,,Andhra Pradesh,7743
,,,,Arunachal Pradesh,1111
,,,,Assam,9481
,,,,Bihar,6068
,,,,Chandigarh,1722
,,,,Chhattisgarh,4920
,,,,DNH and DD,620
,,,,Delhi,16459
,,,,Goa,2094
,,,,Gujarat,42365
,,,,Haryana,20543
,,,,Himachal Pradesh,3066
,,,,Jammu and Kashmir,4603
,,,,Jharkhand,4837
,,,,Karnataka,25652
,,,,Kerala,14522
,,,,Madhya Pradesh,13646
,,,,Maharashtra,47126
,,,,Manipur,272
,,,,Odisha,8500
,,,,Puducherry,990
,,,,Punjab,11396
,,,,Rajasthan,18951
,,,,Tamil Nadu,28342
,,,,Tripura,497
,,,,Uttar Pradesh,33774
,,,,Uttarakhand,4562
,,,,West Bengal,9972
,,,,Andhra Pradesh,8220
,,,,Arunachal Pradesh,1226
,,,,Assam,7960
,,,,Bihar,9075
,,,,Chandigarh,1805
,,,,Chhattisgarh,5877
,,,,DNH and DD,590
,,,,Delhi,18675
,,,,Goa,2521
,,,,Gujarat,32601
,,,,Haryana,22002
,,,,Himachal Pradesh,4242
,,,,Jammu and Kashmir,4981
,,,,Jharkhand,6684
,,,,Karnataka,26232
,,,,Kerala,12551
,,,,Madhya Pradesh,17166
,,,,Maharashtra,48131
,,,,Manipur,246
,,,,Meghalaya,1387
,,,,Odisha,7105
,,,,Puducherry,990
,,,,Punjab,12992
,,,,Rajasthan,24386
,,,,Tamil Nadu,19015
,,,,Tripura,657
,,,,Uttar Pradesh,42692
,,,,Uttarakhand,5398
,,,,West Bengal,9743
,,,,Andaman & Nicobar Island,175
,,,,Andhra Pradesh,7155
,,,,Arunachal Pradesh,1137
,,,,Assam,8111
,,,,Bihar,4788
,,,,Chandigarh,1496
,,,,Chhattisgarh,3575
,,,,DNH and DD,488
,,,,Delhi,16567
,,,,Goa,1859
,,,,Gujarat,26023
,,,,Haryana,23698
,,,,Himachal Pradesh,5710
,,,,Jammu and Kashmir,4531
,,,,Jharkhand,4375
,,,,Karnataka,22859
,,,,Kerala,13811
,,,,Madhya Pradesh,9736
,,,,Maharashtra,32212
,,,,Manipur,206
,,,,Odisha,7280
,,,,Puducherry,860
,,,,Punjab,13632
,,,,Rajasthan,13082
,,,,Tamil Nadu,19246
,,,,Tripura,489
,,,,Uttar Pradesh,29434
,,,,Uttarakhand,5430
,,,,West Bengal,8435
,,,,Uttar Pradesh,44334
,,,,Maharashtra,50156
,,,,Karnataka,30770
,,,,Tamil Nadu,28455
,,,,Bihar,6824
,,,,Kerala,164
,,,,Rajasthan,21747
,,,,Delhi,21520
,,,,Madhya Pradesh,19326
,,,,Gujarat,33379
,,,,Odisha,7500
,,,,Assam,7242
,,,,Haryana,28776
,,,,Chhattisgarh,4946
,,,,West Bengal,10223
,,,,Punjab,15000
,,,,Andhra Pradesh,8483
,,,,Jharkhand,4678
,,,,Uttarakhand,5385
,,,,Jammu and Kashmir,5264
,,,,Goa,2331
,,,,Chandigarh,1624
,,,,Tripura,466
,,,,Puducherry,1250
,,,,Himachal Pradesh,4815
,,,,DNH and DD,527
,,,,Manipur,433
,,,,Arunachal Pradesh,1174
,,,,Uttar Pradesh,37170
,,,,Maharashtra,36302
,,,,Karnataka,24812
,,,,Tamil Nadu,23063
,,,,Rajasthan,19149
,,,,Bihar,6762
,,,,Madhya Pradesh,18025
,,,,Kerala,12281
,,,,Gujarat,25758
,,,,Delhi,17898
,,,,Assam,6858
,,,,Odisha,6305
,,,,Chhattisgarh,4125
,,,,Punjab,14051
,,,,Andhra Pradesh,6125
,,,,Haryana,26000
,,,,West Bengal,8487
,,,,Jharkhand,4667
,,,,Uttarakhand,5826
,,,,Jammu and Kashmir,4211
,,,,Goa,1772
,,,,Tripura,538
,,,,Chandigarh,1321
,,,,Puducherry,1177
,,,,Himachal Pradesh,4584
,,,,Manipur,310
,,,,DNH and DD,444
,,,,Meghalaya,1261
,,,,Arunachal Pradesh,1184
,,,,Maharashtra,36826
,,,,Uttar Pradesh,34425
,,,,Karnataka,26751
,,,,Tamil Nadu,22095
,,,,Rajasthan,16942
,,,,Delhi,15905
,,,,Kerala,13861
,,,,Gujarat,25424
,,,,Bihar,6972
,,,,Madhya Pradesh,14743
,,,,Andhra Pradesh,7838
,,,,Assam,7465
,,,,Chhattisgarh,4348
,,,,Punjab,14348
,,,,West Bengal,8089
,,,,Haryana,23644
,,,,Jharkhand,4483
,,,,Goa,1730
,,,,Uttarakhand,4812
,,,,Jammu and Kashmir,4500
,,,,Tripura,556
,,,,Chandigarh,1294
,,,,Puducherry,1042
,,,,Meghalaya,1200
,,,,Himachal Pradesh,4147
,,,,DNH and DD,429
,,,,Manipur,370
,,,,Andhra Pradesh,63444
,,,,Assam,30344
,,,,Bihar,81056
,,,,Chandigarh,1200
,,,,Chhattisgarh,10274
,,,,Delhi,14233
,,,,Goa,3374
,,,,Gujarat,49005
,,,,Haryana,31078
,,,,Himachal Pradesh,4360
,,,,Jammu and Kashmir,6874
,,,,Jharkhand,26969
,,,,Karnataka,59979
,,,,Kerala,57624
,,,,Madhya Pradesh,29491
,,,,Maharashtra,45515
,,,,Manipur,3048
,,,,Odisha,36953
,,,,Puducherry,2581
,,,,Punjab,24348
,,,,Rajasthan,48828
,,,,Tamil Nadu,107658
,,,,Uttar Pradesh,137840
,,,,Uttarakhand,7607
,,,,West Bengal,65885
,,,,Andhra Pradesh,41370
,,,,Bihar,55276
,,,,Chhattisgarh,5280
,,,,Goa,379
,,,,Gujarat,33419
,,,,Haryana,7315
,,,,Himachal Pradesh,1721
,,,,Jammu and Kashmir,1916
,,,,Jharkhand,21680
,,,,Karnataka,4942
,,,,Kerala,6675
,,,,Maharashtra,16627
,,,,Odisha,5900
,,,,Puducherry,314
,,,,Punjab,14366
,,,,Rajasthan,18802
,,,,Tamil Nadu,17837
,,,,Uttar Pradesh,147458
,,,,Uttarakhand,2957
,,,,West Bengal,28906
,,,,Andhra Pradesh,53867
,,,,Assam,22586
,,,,Bihar,100771
,,,,Chandigarh,1314
,,,,Chhattisgarh,31808
,,,,DNH and DD,627
,,,,Delhi,22186
,,,,Goa,1533
,,,,Gujarat,59121
,,,,Haryana,31957
,,,,Himachal Pradesh,5098
,,,,Jammu and Kashmir,8677
,,,,Jharkhand,33533
,,,,Karnataka,19402
,,,,Kerala,17828
,,,,Madhya Pradesh,90928
,,,,Maharashtra,75098
,,,,Odisha,23193
,,,,Puducherry,2559
,,,,Punjab,23393
,,,,Rajasthan,59809
,,,,Tamil Nadu,45197
,,,,Uttar Pradesh,264409
,,,,Uttarakhand,9766
,,,,West Bengal,67354
,,,,Andhra Pradesh,58165
,,,,Assam,22521
,,,,Bihar,70562
,,,,Chandigarh,1286
,,,,Chhattisgarh,30642
,,,,DNH and DD,704
,,,,Delhi,24955
,,,,Goa,1694
,,,,Gujarat,68641
,,,,Haryana,24476
,,,,Himachal Pradesh,6543
,,,,Jammu and Kashmir,10104
,,,,Jharkhand,29512
,,,,Karnataka,84001
,,,,Kerala,41455
,,,,Madhya Pradesh,99094
,,,,Maharashtra,146083
,,,,Odisha,38080
,,,,Puducherry,3592
,,,,Punjab,27261
,,,,Rajasthan,67308
,,,,Tamil Nadu,122808
,,,,Uttar Pradesh,215180
,,,,Uttarakhand,12268
,,,,West Bengal,76665
,,,,Andhra Pradesh,58473
,,,,Assam,25097
,,,,Bihar,54618
,,,,Chandigarh,1380
,,,,Chhattisgarh,27491
,,,,DNH and DD,584
,,,,Delhi,26069
,,,,Goa,2316
,,,,Gujarat,54721
,,,,Haryana,30342
,,,,Himachal Pradesh,5430
,,,,Jammu and Kashmir,9978
,,,,Jharkhand,26589
,,,,Karnataka,79751
,,,,Kerala,52507
,,,,Madhya Pradesh,67859
,,,,Maharashtra,119076
,,,,Odisha,33821
,,,,Puducherry,3496
,,,,Punjab,27376
,,,,Rajasthan,57021
,,,,Tamil Nadu,109440
,,,,Uttar Pradesh,146734
,,,,Uttarakhand,11192
,,,,West Bengal,63613
,,,,Andhra Pradesh,51764
,,,,Assam,24438
,,,,Bihar,48021
,,,,Chandigarh,1162
,,,,Chhattisgarh,24790
,,,,Delhi,17347
,,,,Goa,3081
,,,,Gujarat,71820
,,,,Haryana,32590
,,,,Himachal Pradesh,4975
,,,,Jammu and Kashmir,7354
,,,,Jharkhand,24528
,,,,Karnataka,80292
,,,,Kerala,48245
,,,,Madhya Pradesh,65166
,,,,Maharashtra,92351
,,,,Odisha,28355
,,,,Puducherry,3211
,,,,Punjab,24819
,,,,Rajasthan,48502
,,,,Tamil Nadu,108477
,,,,Uttar Pradesh,132962
,,,,Uttarakhand,9926
,,,,West Bengal,65430
,,,,Andhra Pradesh,88110
,,,,Assam,32155
,,,,Bihar,50679
,,,,Chandigarh,1792
,,,,Chhattisgarh,33464
,,,,Delhi,26087
,,,,Goa,3914
,,,,Gujarat,84700
,,,,Haryana,26891
,,,,Himachal Pradesh,4651
,,,,Jammu and Kashmir,8601
,,,,Jharkhand,28877
,,,,Karnataka,76401
,,,,Kerala,42377
,,,,Ladakh,18
,,,,Madhya Pradesh,52075
,,,,Maharashtra,131332
,,,,Manipur,2098
,,,,Odisha,52708
,,,,Puducherry,2839
,,,,Punjab,29940
,,,,Rajasthan,65626
,,,,Tamil Nadu,85674
,,,,Uttar Pradesh,129924
,,,,Uttarakhand,12826
,,,,West Bengal,53475
,,,,Andhra Pradesh,64835
,,,,Assam,29586
,,,,Bihar,107209
,,,,Chandigarh,2083
,,,,Chhattisgarh,63099
,,,,Delhi,37710
,,,,Goa,4104
,,,,Gujarat,110759
,,,,Haryana,43957
,,,,Himachal Pradesh,7398
,,,,Jammu and Kashmir,8083
,,,,Jharkhand,51355
,,,,Karnataka,74444
,,,,Kerala,43718
,,,,Madhya Pradesh,99568
,,,,Maharashtra,168326
,,,,Manipur,2490
,,,,Odisha,41128
,,,,Puducherry,2889
,,,,Punjab,46549
,,,,Rajasthan,141368
,,,,Tamil Nadu,111203
,,,,Uttar Pradesh,225370
,,,,Uttarakhand,20977
,,,,West Bengal,79819
,,,,Andhra Pradesh,42446
,,,,Assam,28392
,,,,Bihar,63454
,,,,Chandigarh,1252
,,,,Chhattisgarh,24772
,,,,DNH and DD,1100
,,,,Delhi,18687
,,,,Goa,3468
,,,,Gujarat,92992
,,,,Haryana,40694
,,,,Himachal Pradesh,6044
,,,,Jammu and Kashmir,4076
,,,,Jharkhand,26077
,,,,Karnataka,83147
,,,,Kerala,43996
,,,,Madhya Pradesh,110877
,,,,Maharashtra,134502
,,,,Manipur,3649
,,,,Odisha,26693
,,,,Puducherry,2589
,,,,Punjab,35287
,,,,Rajasthan,61061
,,,,Tamil Nadu,83485
,,,,Uttar Pradesh,268713
,,,,Uttarakhand,12632
,,,,West Bengal,73989
,,,,Andhra Pradesh,59712
,,,,Assam,26097
,,,,Bihar,51380
,,,,Chandigarh,1291
,,,,Chhattisgarh,31989
,,,,DNH and DD,758
,,,,Delhi,24615
,,,,Goa,3015
,,,,Gujarat,58107
,,,,Haryana,28339
,,,,Himachal Pradesh,3490
,,,,Jammu and Kashmir,3561
,,,,Jharkhand,24613
,,,,Karnataka,74134
,,,,Kerala,45699
,,,,Ladakh,20
,,,,Madhya Pradesh,75043
,,,,Maharashtra,136937
,,,,Manipur,3660
,,,,Odisha,45749
,,,,Puducherry,4044
,,,,Punjab,28295
,,,,Rajasthan,50153
,,,,Tamil Nadu,124399
,,,,Tripura,3043
,,,,Uttar Pradesh,168934
,,,,Uttarakhand,10413
,,,,West Bengal,61071
,,,,Andhra Pradesh,52013
,,,,Assam,25414
,,,,Bihar,59758
,,,,Chandigarh,1184
,,,,Chhattisgarh,28508
,,,,DNH and DD,817
,,,,Delhi,25413
,,,,Goa,3248
,,,,Gujarat,68658
,,,,Haryana,25667
,,,,Himachal Pradesh,4041
,,,,Jammu and Kashmir,4836
,,,,Jharkhand,27174
,,,,Karnataka,75612
,,,,Kerala,41273
,,,,Madhya Pradesh,69322
,,,,Maharashtra,116043
,,,,Manipur,4773
,,,,Odisha,41856
,,,,Puducherry,3410
,,,,Punjab,24506
,,,,Rajasthan,56168
,,,,Tamil Nadu,108851
,,,,Tripura,2705
,,,,Uttar Pradesh,163699
,,,,Uttarakhand,9283
,,,,West Bengal,56937
,,,,Andhra Pradesh,51588
,,,,Assam,29698
,,,,Bihar,85165
,,,,Chandigarh,1883
,,,,Chhattisgarh,31244
,,,,DNH and DD,757
,,,,Delhi,28871
,,,,Goa,4381
,,,,Gujarat,79333
,,,,Haryana,30295
,,,,Himachal Pradesh,3565
,,,,Jammu and Kashmir,5680
,,,,Jharkhand,38435
,,,,Karnataka,91537
,,,,Kerala,50610
,,,,Madhya Pradesh,76256
,,,,Maharashtra,130070
,,,,Manipur,3508
,,,,Odisha,47801
,,,,Puducherry,3913
,,,,Punjab,31497
,,,,Rajasthan,60106
,,,,Tamil Nadu,124272
,,,,Tripura,3504
,,,,Uttar Pradesh,180927
,,,,Uttarakhand,11692
,,,,West Bengal,73783
,,,,Andhra Pradesh,56529
,,,,Assam,26813
,,,,Bihar,82418
,,,,Chandigarh,1881
,,,,Chhattisgarh,30843
,,,,DNH and DD,804
,,,,Delhi,32226
,,,,Goa,3817
,,,,Gujarat,88648
,,,,Haryana,30558
,,,,Himachal Pradesh,4637
,,,,Jammu and Kashmir,8306
,,,,Jharkhand,35590
,,,,Karnataka,100400
,,,,Kerala,41859
,,,,Madhya Pradesh,75144
,,,,Maharashtra,135969
,,,,Meghalaya,1472
,,,,Nagaland,444
,,,,Odisha,44330
,,,,Puducherry,3044
,,,,Punjab,29934
,,,,Rajasthan,70039
,,,,Tamil Nadu,106643
,,,,Tripura,2797
,,,,Uttar Pradesh,225079
,,,,Uttarakhand,12989
,,,,West Bengal,68909
,,,,Andhra Pradesh,48041
,,,,Assam,28739
,,,,Bihar,113034
,,,,Chandigarh,1797
,,,,Chhattisgarh,28821
,,,,DNH and DD,790
,,,,Delhi,28897
,,,,Goa,3338
,,,,Gujarat,68621
,,,,Haryana,32009
,,,,Himachal Pradesh,5131
,,,,Jammu and Kashmir,9505
,,,,Jharkhand,39317
,,,,Karnataka,84301
,,,,Kerala,40514
,,,,Madhya Pradesh,94602
,,,,Maharashtra,123203
,,,,Manipur,2443
,,,,Odisha,38324
,,,,Puducherry,3122
,,,,Punjab,30377
,,,,Rajasthan,73803
,,,,Tamil Nadu,102565
,,,,Tripura,2768
,,,,Uttar Pradesh,273962
,,,,Uttarakhand,12930
,,,,West Bengal,68721
,,,,Andhra Pradesh,37538
,,,,Assam,21695
,,,,Bihar,79768
,,,,Chandigarh,1808
,,,,Chhattisgarh,28027
,,,,Delhi,27696
,,,,Goa,3042
,,,,Gujarat,83549
,,,,Haryana,30435
,,,,Himachal Pradesh,5610
,,,,Jammu and Kashmir,8064
,,,,Jharkhand,32650
,,,,Karnataka,91707
,,,,Kerala,44015
,,,,Ladakh,590
,,,,Madhya Pradesh,83413
,,,,Maharashtra,115725
,,,,Manipur,3391
,,,,Meghalaya,1291
,,,,Mizoram,1750
,,,,Odisha,39143
,,,,Puducherry,3331
,,,,Punjab,28256
,,,,Rajasthan,58281
,,,,Tamil Nadu,110740
,,,,Tripura,2761
,,,,Uttar Pradesh,198411
,,,,Uttarakhand,13121
,,,,West Bengal,67878
,,,,Andhra Pradesh,42632
,,,,Assam,26803
,,,,Bihar,62773
,,,,Chandigarh,2086
,,,,Chhattisgarh,26466
,,,,DNH and DD,735
,,,,Delhi,30654
,,,,Goa,2801
,,,,Gujarat,83341
,,,,Haryana,30657
,,,,Himachal Pradesh,5377
,,,,Jammu and Kashmir,8717
,,,,Jharkhand,32122
,,,,Karnataka,77333
,,,,Kerala,37691
,,,,Madhya Pradesh,81579
,,,,Maharashtra,111895
,,,,Manipur,4103
,,,,Meghalaya,1363
,,,,Odisha,32549
,,,,Puducherry,3298
,,,,Punjab,27082
,,,,Rajasthan,63752
,,,,Tamil Nadu,103800
,,,,Tripura,2632
,,,,Uttar Pradesh,153826
,,,,Uttarakhand,12603
,,,,West Bengal,62610
,,,,Andhra Pradesh,54365
,,,,Assam,27466
,,,,Bihar,64565
,,,,Chandigarh,1896
,,,,Chhattisgarh,23146
,,,,DNH and DD,742
,,,,Delhi,31869
,,,,Goa,4503
,,,,Gujarat,74982
,,,,Haryana,33336
,,,,Himachal Pradesh,5281
,,,,Jammu and Kashmir,9131
,,,,Jharkhand,25332
,,,,Karnataka,88611
,,,,Kerala,50954
,,,,Madhya Pradesh,98165
,,,,Maharashtra,118886
,,,,Manipur,3647
,,,,Meghalaya,1734
,,,,Mizoram,2062
,,,,Odisha,30540
,,,,Puducherry,3810
,,,,Punjab,32591
,,,,Rajasthan,60191
,,,,Tamil Nadu,120312
,,,,Tripura,2643
,,,,Uttar Pradesh,131703
,,,,Uttarakhand,12711
,,,,West Bengal,62200
,,,,Andhra Pradesh,52804
,,,,Assam,31729
,,,,Bihar,54364
,,,,Chandigarh,1929
,,,,Chhattisgarh,23465
,,,,DNH and DD,629
,,,,Delhi,25409
,,,,Goa,4078
,,,,Gujarat,77920
,,,,Haryana,25832
,,,,Himachal Pradesh,4101
,,,,Jammu and Kashmir,8320
,,,,Jharkhand,23758
,,,,Karnataka,87981
,,,,Kerala,53877
,,,,Madhya Pradesh,53245
,,,,Maharashtra,122642
,,,,Mizoram,1568
,,,,Odisha,36139
,,,,Puducherry,3772
,,,,Punjab,27407
,,,,Rajasthan,53951
,,,,Tamil Nadu,121791
,,,,Tripura,3842
,,,,Uttar Pradesh,97293
,,,,Uttarakhand,9325
,,,,West Bengal,64255
,,,,Andhra Pradesh,74374
,,,,Assam,38033
,,,,Bihar,88895
,,,,Chandigarh,3103
,,,,Chhattisgarh,57951
,,,,DNH and DD,619
,,,,Delhi,50702
,,,,Goa,6241
,,,,Gujarat,115540
,,,,Haryana,38921
,,,,Himachal Pradesh,5548
,,,,Jammu and Kashmir,9184
,,,,Jharkhand,50073
,,,,Karnataka,117015
,,,,Kerala,44021
,,,,Madhya Pradesh,137210
,,,,Maharashtra,189870
,,,,Manipur,2532
,,,,Meghalaya,1558
,,,,Mizoram,1638
,,,,Odisha,72161
,,,,Puducherry,3564
,,,,Punjab,37265
,,,,Rajasthan,133585
,,,,Tamil Nadu,111507
,,,,Tripura,3431
,,,,Uttar Pradesh,258110
,,,,Uttarakhand,19532
,,,,West Bengal,50676
,,,,Andaman & Nicobar Island,405
,,,,Andhra Pradesh,69695
,,,,Assam,32542
,,,,Bihar,110759
,,,,Chandigarh,1727
,,,,Chhattisgarh,42575
,,,,DNH and DD,1290
,,,,Delhi,41689
,,,,Goa,5285
,,,,Gujarat,165828
,,,,Haryana,58469
,,,,Himachal Pradesh,9181
,,,,Jammu and Kashmir,4656
,,,,Jharkhand,40248
,,,,Karnataka,109695
,,,,Kerala,40561
,,,,Madhya Pradesh,130285
,,,,Maharashtra,204988
,,,,Manipur,5529
,,,,Meghalaya,1438
,,,,Mizoram,1542
,,,,Odisha,38593
,,,,Puducherry,3002
,,,,Punjab,46873
,,,,Rajasthan,158463
,,,,Tamil Nadu,120109
,,,,Tripura,3427
,,,,Uttar Pradesh,279169
,,,,Uttarakhand,25037
,,,,West Bengal,100516
,,,,Andaman & Nicobar Island,397
,,,,Andhra Pradesh,47327
,,,,Assam,34737
,,,,Bihar,60432
,,,,Chandigarh,1454
,,,,Chhattisgarh,26359
,,,,DNH and DD,1112
,,,,Delhi,21773
,,,,Goa,4983
,,,,Gujarat,107138
,,,,Haryana,37571
,,,,Himachal Pradesh,6751
,,,,Jammu and Kashmir,3943
,,,,Jharkhand,27130
,,,,Karnataka,75110
,,,,Kerala,40445
,,,,Madhya Pradesh,64980
,,,,Maharashtra,136534
,,,,Manipur,4150
,,,,Mizoram,1792
,,,,Odisha,38217
,,,,Puducherry,2396
,,,,Punjab,35992
,,,,Rajasthan,57108
,,,,Tamil Nadu,77848
,,,,Tripura,3393
,,,,Uttar Pradesh,134747
,,,,Uttarakhand,10627
,,,,West Bengal,69018
,,,,Andhra Pradesh,49537
,,,,Assam,41897
,,,,Bihar,63994
,,,,Chandigarh,1977
,,,,Chhattisgarh,35000
,,,,DNH and DD,698
,,,,Delhi,35973
,,,,Goa,4457
,,,,Gujarat,70897
,,,,Haryana,29990
,,,,Himachal Pradesh,4421
,,,,Jammu and Kashmir,3934
,,,,Jharkhand,27267
,,,,Karnataka,94898
,,,,Kerala,43110
,,,,Madhya Pradesh,80312
,,,,Maharashtra,148279
,,,,Manipur,3158
,,,,Meghalaya,1372
,,,,Mizoram,1599
,,,,Odisha,47973
,,,,Puducherry,4395
,,,,Punjab,33117
,,,,Rajasthan,62966
,,,,Tamil Nadu,135769
,,,,Tripura,2766
,,,,Uttar Pradesh,171721
,,,,Uttarakhand,12862
,,,,West Bengal,52431
,,,,Andhra Pradesh,51810
,,,,Assam,36795
,,,,Bihar,77926
,,,,Chandigarh,955
,,,,Chhattisgarh,30804
,,,,DNH and DD,777
,,,,Delhi,29396
,,,,Goa,3919
,,,,Gujarat,85424
,,,,Haryana,31279
,,,,Himachal Pradesh,4784
,,,,Jammu and Kashmir,4868
,,,,Jharkhand,31633
,,,,Karnataka,88323
,,,,Kerala,39985
,,,,Madhya Pradesh,75150
,,,,Maharashtra,129508
,,,,Manipur,2990
,,,,Meghalaya,1192
,,,,Mizoram,1655
,,,,Odisha,49375
,,,,Puducherry,3354
,,,,Punjab,34555
,,,,Rajasthan,62207
,,,,Tamil Nadu,118355
,,,,Tripura,2860
,,,,Uttar Pradesh,190812
,,,,Uttarakhand,11079
,,,,West Bengal,67188
,,,,Andhra Pradesh,54298
,,,,Assam,41575
,,,,Bihar,92334
,,,,Chandigarh,663
,,,,Chhattisgarh,33362
,,,,DNH and DD,902
,,,,Delhi,30396
,,,,Goa,5064
,,,,Gujarat,92417
,,,,Haryana,33171
,,,,Himachal Pradesh,4543
,,,,Jammu and Kashmir,7789
,,,,Jharkhand,39001
,,,,Karnataka,104953
,,,,Kerala,50705
,,,,Madhya Pradesh,100653
,,,,Maharashtra,154632
,,,,Manipur,3985
,,,,Mizoram,1615
,,,,Odisha,52642
,,,,Puducherry,3608
,,,,Punjab,36806
,,,,Rajasthan,85324
,,,,Tamil Nadu,119376
,,,,Tripura,3016
,,,,Uttar Pradesh,206315
,,,,Uttarakhand,13077
,,,,West Bengal,73690
,,,,Andhra Pradesh,48046
,,,,Assam,35047
,,,,Bihar,84319
,,,,Chandigarh,2085
,,,,Chhattisgarh,27613
,,,,DNH and DD,666
,,,,Delhi,28590
,,,,Goa,3609
,,,,Gujarat,89782
,,,,Haryana,34168
,,,,Himachal Pradesh,4847
,,,,Jammu and Kashmir,6299
,,,,Jharkhand,36353
,,,,Karnataka,91491
,,,,Kerala,32903
,,,,Madhya Pradesh,64877
,,,,Maharashtra,130977
,,,,Manipur,3425
,,,,Meghalaya,1501
,,,,Mizoram,1565
,,,,Odisha,43956
,,,,Puducherry,3076
,,,,Punjab,28269
,,,,Rajasthan,67999
,,,,Tamil Nadu,94801
,,,,Tripura,2450
,,,,Uttar Pradesh,195568
,,,,Uttarakhand,12580
,,,,West Bengal,54194
,,,,Andhra Pradesh,54545
,,,,Assam,35939
,,,,Bihar,125465
,,,,Chandigarh,2356
,,,,Chhattisgarh,29232
,,,,DNH and DD,829
,,,,Delhi,32282
,,,,Goa,3933
,,,,Gujarat,87169
,,,,Haryana,34399
,,,,Himachal Pradesh,5278
,,,,Jammu and Kashmir,9084
,,,,Jharkhand,41796
,,,,Karnataka,97074
,,,,Kerala,41347
,,,,Ladakh,161
,,,,Madhya Pradesh,97067
,,,,Maharashtra,126680
,,,,Manipur,572
,,,,Meghalaya,2006
,,,,Mizoram,1626
,,,,Odisha,44563
,,,,Puducherry,3736
,,,,Punjab,32433
,,,,Rajasthan,79573
,,,,Tamil Nadu,109325
,,,,Tripura,3305
,,,,Uttar Pradesh,300079
,,,,Uttarakhand,14779
,,,,West Bengal,77494
,,,,Andhra Pradesh,45618
,,,,Assam,31855
,,,,Bihar,90944
,,,,Chandigarh,2638
,,,,Chhattisgarh,30378
,,,,DNH and DD,765
,,,,Delhi,28279
,,,,Goa,3485
,,,,Gujarat,80898
,,,,Haryana,33317
,,,,Himachal Pradesh,5397
,,,,Jammu and Kashmir,7915
,,,,Jharkhand,36415
,,,,Karnataka,101825
,,,,Kerala,38025
,,,,Ladakh,208
,,,,Madhya Pradesh,78536
,,,,Maharashtra,119809
,,,,Manipur,270
,,,,Mizoram,1795
,,,,Odisha,43202
,,,,Puducherry,3591
,,,,Punjab,30214
,,,,Rajasthan,69235
,,,,Tamil Nadu,121451
,,,,Tripura,2709
,,,,Uttar Pradesh,219233
,,,,Uttarakhand,13374
,,,,West Bengal,64854
,,,,Andhra Pradesh,50877
,,,,Assam,32074
,,,,Bihar,69583
,,,,Chandigarh,1813
,,,,Chhattisgarh,28753
,,,,DNH and DD,856
,,,,Delhi,31269
,,,,Goa,2877
,,,,Gujarat,98394
,,,,Haryana,15523
,,,,Himachal Pradesh,5450
,,,,Jammu and Kashmir,8604
,,,,Jharkhand,32370
,,,,Karnataka,95036
,,,,Kerala,34948
,,,,Madhya Pradesh,69937
,,,,Maharashtra,126943
,,,,Manipur,1145
,,,,Meghalaya,2030
,,,,Mizoram,1721
,,,,Odisha,38394
,,,,Puducherry,3909
,,,,Punjab,33588
,,,,Rajasthan,76511
,,,,Tamil Nadu,119322
,,,,Tripura,2942
,,,,Uttar Pradesh,158970
,,,,Uttarakhand,13216
,,,,West Bengal,67367
,,,,Andhra Pradesh,56399
,,,,Assam,31641
,,,,Bihar,58346
,,,,Chandigarh,1789
,,,,Chhattisgarh,28699
,,,,DNH and DD,606
,,,,Delhi,33120
,,,,Goa,4098
,,,,Gujarat,87134
,,,,Haryana,38102
,,,,Himachal Pradesh,5345
,,,,Jammu and Kashmir,8650
,,,,Jharkhand,27909
,,,,Karnataka,101545
,,,,Kerala,49548
,,,,Madhya Pradesh,73963
,,,,Maharashtra,133378
,,,,Manipur,846
,,,,Meghalaya,2060
,,,,Mizoram,1908
,,,,Odisha,36033
,,,,Puducherry,4141
,,,,Punjab,34784
,,,,Rajasthan,76171
,,,,Tamil Nadu,128997
,,,,Tripura,3154
,,,,Uttar Pradesh,146984
,,,,Uttarakhand,12790
,,,,West Bengal,64154
,,,,Andhra Pradesh,53014
,,,,Assam,32936
,,,,Bihar,65102
,,,,Chandigarh,1868
,,,,Chhattisgarh,30725
,,,,DNH and DD,732
,,,,Delhi,31468
,,,,Goa,5539
,,,,Gujarat,129851
,,,,Haryana,44459
,,,,Himachal Pradesh,5403
,,,,Jammu and Kashmir,8372
,,,,Jharkhand,31209
,,,,Karnataka,106981
,,,,Kerala,48967
,,,,Madhya Pradesh,74064
,,,,Maharashtra,134556
,,,,Meghalaya,1991
,,,,Mizoram,1561
,,,,Odisha,45630
,,,,Puducherry,3350
,,,,Punjab,35832
,,,,Rajasthan,81056
,,,,Tamil Nadu,116071
,,,,Tripura,3157
,,,,Uttar Pradesh,143067
,,,,Uttarakhand,12642
,,,,West Bengal,58361
,,,,Andhra Pradesh,66154
,,,,Assam,51372
,,,,Bihar,65088
,,,,Chandigarh,1964
,,,,Chhattisgarh,38600
,,,,DNH and DD,1109
,,,,Delhi,35861
,,,,Goa,5377
,,,,Gujarat,149414
,,,,Haryana,37096
,,,,Himachal Pradesh,4480
,,,,Jammu and Kashmir,6736
,,,,Jharkhand,33632
,,,,Karnataka,108712
,,,,Kerala,36841
,,,,Madhya Pradesh,99036
,,,,Maharashtra,167065
,,,,Manipur,1035
,,,,Mizoram,1958
,,,,Odisha,71596
,,,,Puducherry,3765
,,,,Punjab,34028
,,,,Rajasthan,103647
,,,,Tamil Nadu,131658
,,,,Tripura,4285
,,,,Uttar Pradesh,162993
,,,,Uttarakhand,13890
,,,,West Bengal,65489
,,,,Andaman & Nicobar Island,598
,,,,Andhra Pradesh,79246
,,,,Assam,41326
,,,,Bihar,149828
,,,,Chandigarh,2430
,,,,Chhattisgarh,76276
,,,,DNH and DD,1185
,,,,Delhi,56736
,,,,Goa,6217
,,,,Gujarat,152556
,,,,Haryana,42364
,,,,Himachal Pradesh,6131
,,,,Jammu and Kashmir,8743
,,,,Jharkhand,63696
,,,,Karnataka,136535
,,,,Kerala,36822
,,,,Madhya Pradesh,204532
,,,,Maharashtra,230768
,,,,Manipur,812
,,,,Meghalaya,1893
,,,,Mizoram,1977
,,,,Odisha,63423
,,,,Puducherry,3681
,,,,Punjab,48694
,,,,Rajasthan,191722
,,,,Tamil Nadu,121926
,,,,Tripura,4893
,,,,Uttar Pradesh,387983
,,,,Uttarakhand,24522
,,,,West Bengal,97240
,,,,Andaman & Nicobar Island,430
,,,,Andhra Pradesh,60868
,,,,Arunachal Pradesh,1377
,,,,Assam,38490
,,,,Bihar,91064
,,,,Chandigarh,1162
,,,,Chhattisgarh,31773
,,,,DNH and DD,1447
,,,,Delhi,27097
,,,,Goa,4299
,,,,Gujarat,85848
,,,,Haryana,60574
,,,,Himachal Pradesh,9988
,,,,Jammu and Kashmir,3661
,,,,Jharkhand,32673
,,,,Karnataka,91996
,,,,Kerala,35712
,,,,Madhya Pradesh,88017
,,,,Maharashtra,174125
,,,,Manipur,976
,,,,Mizoram,1974
,,,,Odisha,48402
,,,,Puducherry,2836
,,,,Punjab,45523
,,,,Rajasthan,99479
,,,,Tamil Nadu,82736
,,,,Tripura,3663
,,,,Uttar Pradesh,211546
,,,,Uttarakhand,19337
,,,,West Bengal,90092
,,,,Uttar Pradesh,181667
,,,,Maharashtra,172830
,,,,Karnataka,115920
,,,,Tamil Nadu,153753
,,,,Bihar,71556
,,,,Kerala,42509
,,,,Rajasthan,78862
,,,,Delhi,38413
,,,,Madhya Pradesh,92100
,,,,Gujarat,91933
,,,,Odisha,53485
,,,,Assam,44386
,,,,Haryana,42824
,,,,Chhattisgarh,42881
,,,,West Bengal,72390
,,,,Punjab,33511
,,,,Andhra Pradesh,53619
,,,,Jharkhand,30612
,,,,Uttarakhand,11682
,,,,Jammu and Kashmir,4582
,,,,Goa,5079
,,,,Chandigarh,1450
,,,,Tripura,3000
,,,,Puducherry,5141
,,,,Himachal Pradesh,6031
,,,,DNH and DD,866
,,,,Manipur,1556
,,,,Mizoram,1872
,,,,Meghalaya,1625
,,,,Ladakh,37
,,,,Andaman & Nicobar,483
,,,,Uttar Pradesh,206846
,,,,Maharashtra,147649
,,,,Karnataka,108852
,,,,Tamil Nadu,143638
,,,,Rajasthan,81152
,,,,Bihar,83398
,,,,Madhya Pradesh,87659
,,,,Kerala,38356
,,,,Gujarat,88441
,,,,Delhi,30504
,,,,Assam,39048
,,,,Odisha,57255
,,,,Chhattisgarh,40110
,,,,Punjab,34359
,,,,Andhra Pradesh,56600
,,,,Haryana,38121
,,,,West Bengal,74089
,,,,Jharkhand,34467
,,,,Uttarakhand,13692
,,,,Jammu and Kashmir,5055
,,,,Goa,4759
,,,,Tripura,3334
,,,,Chandigarh,1416
,,,,Puducherry,4556
,,,,Himachal Pradesh,4926
,,,,Mizoram,2146
,,,,Manipur,1723
,,,,DNH and DD,1052
,,,,Meghalaya,1890
,,,,Andaman & Nicobar Island,473
,,,,Maharashtra,152563
,,,,Uttar Pradesh,210216
,,,,Karnataka,123800
,,,,Tamil Nadu,124071
,,,,Rajasthan,89538
,,,,Delhi,31599
,,,,Kerala,42909
,,,,Gujarat,94822
,,,,Bihar,102949
,,,,Madhya Pradesh,95405
,,,,Andhra Pradesh,69119
,,,,Assam,42612
,,,,Chhattisgarh,46046
,,,,Punjab,35877
,,,,West Bengal,69871
,,,,Haryana,41778
,,,,Jharkhand,38149
,,,,Goa,5018
,,,,Uttarakhand,12506
,,,,Jammu and Kashmir,6600
,,,,Tripura,3728
,,,,Chandigarh,1525
,,,,Puducherry,4337
,,,,Meghalaya,2223
,,,,Himachal Pradesh,4737
,,,,Mizoram,1932
,,,,DNH and DD,780
,,,,Manipur,1394
,,,,Andaman & Nicobar Island,447
,,,,Nagaland,1180
